qtk_uart_cfg_update_local:50:dev=/dev/ttyS4
qtk_uart_set_config:295:baude = 115200
qtk_uart_set_config:295:baude = 115200
===>>>key 2047346586
===>>>shmid 0
qtk_uart_client_new:960:====>>>>cp.pid_client=1052   getpid=1148
qtk_uart_client_new:989:================>>>>>>>>>new ok!
qtk_uart_client_trsn_run:1408:--------------->>>>>>>>>>>>>first_to_secendTime= 93252.46
RESP_STATE_DATA_LENGTH:date_len : 1
data_index : 1
RESP_STATE_DATA:date_len : 1
Received Checksum: 89 0C
qtk_uart_client_trsn_run:1501:----------------------now_delay = 0.26
handle_uart_frame:1704:Received event_code: 0x0105
handle_uart_frame:1705:-------=========================================---->>>>>
handle_uart_frame:1890:------------------_>>>>>>now_start_to_deal = 0.31,0.03
handle_uart_frame:1931:================fread=[use_uart=1;
uart={
	dev=/dev/ttyS4; #串口节点
	baude=115200;#波特率
	c_flow=0;#流控(0 不使用| 1 硬件流控| 2 软件流控)
	bits=8; #数据位(5,6,7,8)
	parity=0;#校验位(0 不使用| 1 奇校验 | 2 偶检验)
	stop=1;#停止位(1 1停止位| 2 2停止位)
	step_size=4096;#每1ms 发送的字节数
};

VBOX3_ANS=1;
VBOX3_AGC=1;
VBOX3_AEC=0;
VBOX3_MIC=1;                                                       
VBOX3_SPK=1;                                         
VBOX3_LINEIN=0;
USE_LINEIN_SPK=1;
USE_LINEIN_MIC=0;
vbox3_aec_level=1;
vbox3_agc_level=0;
vbox3_anc_level=0;
mic_shift2=1.0;
]
handle_uart_frame:1939:+========>>>>>>s=322 pc=V
qtk_uart_client_isRunning:1637:=========================>>>>>>>>>>>>>>>>>>>>
qtk_uart_client_isRunning:1659:=========================>>>>>>>>>>>>>>>>>>>>
qtk_uart_client_isRunning:1661:=========================>>>>>>>>>>>>>>>>>>>>count=4
qtk_proc_write:730:input>[SET_MICANC_ON]
qtk_proc_write:739:====>>>>qtk_proc_write end once=0
send_response:3308:------------------------------>>>>>>>>>>>>>
send_response:3350:------------------------------>>>>>>>>>>>>>
qtk_uart_write2:414:step=4096
send_response:3355:Send log frame: len=10
send_response:3356:Header: 90 40
send_response:3357:Event: 01 05
send_response:3358:Length: 01 00 (1 bytes)
send_response:3362:value: 0x00
send_response:3369:CRC: 48 CC
send_response:3370:Footer: FF
handle_uart_frame:1962:------------------_>>>>>>>finish_send_response = 35.60,35.33
handle_uart_frame:1970:------------------_>>>>>>>now_delay = 43.62,43.34
handle_uart_frame:1971:---------------------------------->>>>>>>>>isnot_spk_count = 1
qtk_uart_client_trsn_run:1408:--------------->>>>>>>>>>>>>first_to_secendTime= 360.07
RESP_STATE_DATA_LENGTH:date_len : 0
Received Checksum: 40 19
qtk_uart_client_trsn_run:1501:----------------------now_delay = 0.11
handle_uart_frame:1704:Received event_code: 0x0104
handle_uart_frame:1705:-------=========================================---->>>>>
handle_uart_frame:1979:------------------_>>>>>>now_start_to_deal = 0.15,0.03
qtk_uart_client_get_arg:755:==================>>>>>>>1024
handle_uart_frame:1982:anc status: 1
handle_uart_frame:1989:------------------_>>>>>>>now_delay = 0.38,0.26
handle_uart_frame:1990:anc status: 0x01
send_response:3308:------------------------------>>>>>>>>>>>>>
send_response:3350:------------------------------>>>>>>>>>>>>>
qtk_uart_write2:414:step=4096
send_response:3355:Send log frame: len=10
send_response:3356:Header: 90 40
send_response:3357:Event: 01 04
send_response:3358:Length: 01 00 (1 bytes)
send_response:3362:value: 0x01
send_response:3369:CRC: 88 F0
send_response:3370:Footer: FF
handle_uart_frame:1994:------------------_>>>>>>>finish_send_response = 1.69,1.57
handle_uart_frame:1995:---------------------------------->>>>>>>>>isnot_spk_count = 2
qtk_uart_client_trsn_run:1408:--------------->>>>>>>>>>>>>first_to_secendTime= 322.98
RESP_STATE_DATA_LENGTH:date_len : 1
data_index : 1
RESP_STATE_DATA:date_len : 1
Received Checksum: 49 74
qtk_uart_client_trsn_run:1501:----------------------now_delay = 0.12
handle_uart_frame:1704:Received event_code: 0x0107
handle_uart_frame:1705:-------=========================================---->>>>>
handle_uart_frame:2003:------------------_>>>>>>now_start_to_deal = 0.17,0.03
handle_uart_frame:2007:------------------_>>>>>>>now_delay = 0.24,0.10
handle_uart_frame:2010:================fread=[use_uart=1;
uart={
	dev=/dev/ttyS4; #串口节点
	baude=115200;#波特率
	c_flow=0;#流控(0 不使用| 1 硬件流控| 2 软件流控)
	bits=8; #数据位(5,6,7,8)
	parity=0;#校验位(0 不使用| 1 奇校验 | 2 偶检验)
	stop=1;#停止位(1 1停止位| 2 2停止位)
	step_size=4096;#每1ms 发送的字节数
};

VBOX3_ANS=1;
VBOX3_AGC=1;
VBOX3_AEC=0;
VBOX3_MIC=1;                                                       
VBOX3_SPK=1;                                         
VBOX3_LINEIN=0;
USE_LINEIN_SPK=1;
USE_LINEIN_MIC=0;
vbox3_aec_level=1;
vbox3_agc_level=0;
vbox3_anc_level=0;
mic_shift2=1.0;
]
handle_uart_frame:2011:------------------_>>>>>>>now_delay = 0.46,0.31
handle_uart_frame:2015:------------------_>>>>>>>now_delay = 0.47,0.33
handle_uart_frame:2017:------------------_>>>>>>>now_delay = 0.49,0.34
handle_uart_frame:2021:+========>>>>>>s=335 pc=V
handle_uart_frame:2023:------------------_>>>>>>>now_delay = 0.53,0.39
handle_uart_frame:2025:------------------_>>>>>>>now_delay = 0.55,0.41
qtk_uart_client_isRunning:1637:=========================>>>>>>>>>>>>>>>>>>>>
qtk_uart_client_isRunning:1659:=========================>>>>>>>>>>>>>>>>>>>>
qtk_uart_client_isRunning:1661:=========================>>>>>>>>>>>>>>>>>>>>count=4
qtk_proc_write:730:input>[SET_MICAGC_OFF]
qtk_proc_write:739:====>>>>qtk_proc_write end once=0
handle_uart_frame:2041:------------------_>>>>>>>now_delay = 29.70,29.56
handle_uart_frame:2080:------------------_>>>>>>>now_delay = 29.79,29.64
send_response:3308:------------------------------>>>>>>>>>>>>>
send_response:3350:------------------------------>>>>>>>>>>>>>
qtk_uart_write2:414:step=4096
send_response:3355:Send log frame: len=10
send_response:3356:Header: 90 40
send_response:3357:Event: 01 07
send_response:3358:Length: 01 00 (1 bytes)
send_response:3362:value: 0x00
send_response:3369:CRC: 49 74
send_response:3370:Footer: FF
handle_uart_frame:2082:------------------_>>>>>>>finish_send_response = 31.18,31.04
handle_uart_frame:2092:------------------_>>>>>>>now_delay = 35.16,35.02
handle_uart_frame:2093:---------------------------------->>>>>>>>>isnot_spk_count = 3
qtk_uart_client_trsn_run:1408:--------------->>>>>>>>>>>>>first_to_secendTime= 348.62
RESP_STATE_DATA_LENGTH:date_len : 0
Received Checksum: E1 D9
qtk_uart_client_trsn_run:1501:----------------------now_delay = 0.11
handle_uart_frame:1704:Received event_code: 0x0106
handle_uart_frame:1705:-------=========================================---->>>>>
handle_uart_frame:2101:------------------_>>>>>>now_start_to_deal = 0.16,0.03
handle_uart_frame:2103:------------------_>>>>>>>now_delay = 0.17,0.04
qtk_uart_client_get_arg:755:==================>>>>>>>1024
handle_uart_frame:2105:agc status: 0
handle_uart_frame:2107:------------------_>>>>>>>now_delay = 0.37,0.24
handle_uart_frame:2113:------------------_>>>>>>>now_delay = 0.39,0.26
send_response:3308:------------------------------>>>>>>>>>>>>>
send_response:3350:------------------------------>>>>>>>>>>>>>
qtk_uart_write2:414:step=4096
send_response:3355:Send log frame: len=10
send_response:3356:Header: 90 40
send_response:3357:Event: 01 06
send_response:3358:Length: 01 00 (1 bytes)
send_response:3362:value: 0x00
send_response:3369:CRC: 48 88
send_response:3370:Footer: FF
handle_uart_frame:2115:------------------_>>>>>>>finish_send_response = 1.89,1.76
handle_uart_frame:2118:---------------------------------->>>>>>>>>isnot_spk_count = 4
qtk_uart_client_trsn_run:1408:--------------->>>>>>>>>>>>>first_to_secendTime= 333.00
RESP_STATE_DATA_LENGTH:date_len : 1
data_index : 1
RESP_STATE_DATA:date_len : 1
Received Checksum: 4B 9C
qtk_uart_client_trsn_run:1501:----------------------now_delay = 0.16
handle_uart_frame:1704:Received event_code: 0x0109
handle_uart_frame:1705:-------=========================================---->>>>>
handle_uart_frame:2125:------------------_>>>>>>now_start_to_deal = 0.23,0.03
handle_uart_frame:2129:------------------_>>>>>>>now_delay = 0.31,0.12
handle_uart_frame:2132:================fread=[use_uart=1;
uart={
	dev=/dev/ttyS4; #串口节点
	baude=115200;#波特率
	c_flow=0;#流控(0 不使用| 1 硬件流控| 2 软件流控)
	bits=8; #数据位(5,6,7,8)
	parity=0;#校验位(0 不使用| 1 奇校验 | 2 偶检验)
	stop=1;#停止位(1 1停止位| 2 2停止位)
	step_size=4096;#每1ms 发送的字节数
};

VBOX3_ANS=1;
VBOX3_AGC=0;
VBOX3_AEC=0;
VBOX3_MIC=1;                                                       
VBOX3_SPK=1;                                         
VBOX3_LINEIN=0;
USE_LINEIN_SPK=1;
USE_LINEIN_MIC=0;
vbox3_aec_level=1;
vbox3_agc_level=0;
vbox3_anc_level=0;
mic_shift2=1.0;
]
handle_uart_frame:2133:------------------_>>>>>>>now_delay = 0.60,0.41
handle_uart_frame:2140:+========>>>>>>s=348 pc=V
handle_uart_frame:2142:------------------_>>>>>>>now_delay = 0.68,0.49
handle_uart_frame:2144:------------------_>>>>>>>now_delay = 0.70,0.51
qtk_uart_client_isRunning:1637:=========================>>>>>>>>>>>>>>>>>>>>
qtk_uart_client_isRunning:1659:=========================>>>>>>>>>>>>>>>>>>>>
qtk_uart_client_isRunning:1661:=========================>>>>>>>>>>>>>>>>>>>>count=4
qtk_proc_write:730:input>[SET_MICAEC_OFF]
qtk_proc_write:739:====>>>>qtk_proc_write end once=0
handle_uart_frame:2158:------------------_>>>>>>>now_delay = 33.68,33.48
handle_uart_frame:2208:------------------_>>>>>>>now_delay = 33.71,33.52
send_response:3308:------------------------------>>>>>>>>>>>>>
send_response:3350:------------------------------>>>>>>>>>>>>>
qtk_uart_write2:414:step=4096
send_response:3355:Send log frame: len=10
send_response:3356:Header: 90 40
send_response:3357:Event: 01 09
send_response:3358:Length: 01 00 (1 bytes)
send_response:3362:value: 0x00
send_response:3369:CRC: 4B 9C
send_response:3370:Footer: FF
handle_uart_frame:2210:------------------_>>>>>>>finish_send_response = 35.07,34.88
handle_uart_frame:2220:------------------_>>>>>>>now_delay = 43.58,43.39
handle_uart_frame:2221:---------------------------------->>>>>>>>>isnot_spk_count = 5
qtk_uart_client_trsn_run:1408:--------------->>>>>>>>>>>>>first_to_secendTime= 353.62
RESP_STATE_DATA_LENGTH:date_len : 0
Received Checksum: 80 1A
qtk_uart_client_trsn_run:1501:----------------------now_delay = 0.13
handle_uart_frame:1704:Received event_code: 0x0108
handle_uart_frame:1705:-------=========================================---->>>>>
handle_uart_frame:2228:------------------_>>>>>>now_start_to_deal = 0.18,0.03
handle_uart_frame:2230:------------------_>>>>>>>now_delay = 0.20,0.05
qtk_uart_client_get_arg:755:==================>>>>>>>1024
handle_uart_frame:2233:------------------_>>>>>>>now_delay = 0.40,0.25
handle_uart_frame:2234:AEC Response:AEC level 0
send_response:3308:------------------------------>>>>>>>>>>>>>
send_response:3350:------------------------------>>>>>>>>>>>>>
qtk_uart_write2:414:step=4096
send_response:3355:Send log frame: len=10
send_response:3356:Header: 90 40
send_response:3357:Event: 01 08
send_response:3358:Length: 01 00 (1 bytes)
send_response:3362:value: 0x00
send_response:3369:CRC: 4A 60
send_response:3370:Footer: FF
handle_uart_frame:2245:------------------_>>>>>>>finish_send_response = 1.68,1.53
handle_uart_frame:2247:------------------_>>>>>>>now_delay = 1.70,1.55
handle_uart_frame:2248:---------------------------------->>>>>>>>>isnot_spk_count = 6
qtk_uart_client_trsn_run:1408:--------------->>>>>>>>>>>>>first_to_secendTime= 329.55
RESP_STATE_DATA_LENGTH:date_len : 5
data_index : 1
data_index : 2
data_index : 3
data_index : 4
data_index : 5
RESP_STATE_DATA:date_len : 5
Received Checksum: 2E AB
qtk_uart_client_trsn_run:1501:----------------------now_delay = 0.22
handle_uart_frame:1704:Received event_code: 0x0112
handle_uart_frame:1705:-------=========================================---->>>>>
handle_uart_frame:2734:------------------_>>>>>>now_start_to_deal = 0.27,0.03
qtk_uart_client_isRunning:1637:=========================>>>>>>>>>>>>>>>>>>>>
qtk_uart_client_isRunning:1659:=========================>>>>>>>>>>>>>>>>>>>>
qtk_uart_client_isRunning:1661:=========================>>>>>>>>>>>>>>>>>>>>count=4
handle_uart_frame:2743:--------------SET_MICVOLUME==41
qtk_proc_write:730:input>[SET_MICVOLUME41]
qtk_proc_write:739:====>>>>qtk_proc_write end once=0
handle_uart_frame:2755:------------------_>>>>>>>now_delay = 31.93,31.69
send_response:3308:------------------------------>>>>>>>>>>>>>
send_response:3350:------------------------------>>>>>>>>>>>>>
qtk_uart_write2:414:step=4096
send_response:3355:Send log frame: len=10
send_response:3356:Header: 90 40
send_response:3357:Event: 01 12
send_response:3358:Length: 01 00 (1 bytes)
send_response:3362:value: 0x00
send_response:3369:CRC: 4D 78
send_response:3370:Footer: FF
handle_uart_frame:2757:------------------_>>>>>>>finish_send_response = 33.50,33.25
handle_uart_frame:2758:---------------------------------->>>>>>>>>isnot_spk_count = 7
qtk_uart_client_trsn_run:1408:--------------->>>>>>>>>>>>>first_to_secendTime= 351.45
RESP_STATE_DATA_LENGTH:date_len : 4
data_index : 1
data_index : 2
data_index : 3
data_index : 4
RESP_STATE_DATA:date_len : 4
Received Checksum: 90 7E
qtk_uart_client_trsn_run:1501:----------------------now_delay = 0.17
handle_uart_frame:1704:Received event_code: 0x0110
handle_uart_frame:1705:-------=========================================---->>>>>
handle_uart_frame:2717:------------------_>>>>>>now_start_to_deal = 0.27,0.03
handle_uart_frame:2721:------------------_>>>>>>>now_delay = 0.29,0.04
handle_uart_frame:2722:MIC volume_value: 0x29
handle_uart_frame:2723:------------------_>>>>>>>now_delay = 0.32,0.07
send_response:3308:------------------------------>>>>>>>>>>>>>
send_response:3350:------------------------------>>>>>>>>>>>>>
qtk_uart_write2:414:step=4096
send_response:3355:Send log frame: len=10
send_response:3356:Header: 90 40
send_response:3357:Event: 01 10
send_response:3358:Length: 01 00 (1 bytes)
send_response:3362:value: 0x29
send_response:3369:CRC: 8D 1E
send_response:3370:Footer: FF
handle_uart_frame:2725:------------------_>>>>>>>finish_send_response = 1.66,1.41
handle_uart_frame:2726:---------------------------------->>>>>>>>>isnot_spk_count = 8
qtk_uart_client_trsn_run:1408:--------------->>>>>>>>>>>>>first_to_secendTime= 323.30
RESP_STATE_DATA_LENGTH:date_len : 5
data_index : 1
data_index : 2
data_index : 3
data_index : 4
data_index : 5
RESP_STATE_DATA:date_len : 5
Received Checksum: 96 B3
qtk_uart_client_trsn_run:1501:----------------------now_delay = 0.33
handle_uart_frame:1704:Received event_code: 0x0113
handle_uart_frame:1705:-------=========================================---->>>>>
handle_uart_frame:2791:------------------>>>>>>25
handle_uart_frame:2799:------->echo 25 > /sys/bus/i2c/devices/3-006d/volume
handle_uart_frame:2807:------->echo 25 > /sys/bus/i2c/devices/3-0069/volume
send_response:3308:------------------------------>>>>>>>>>>>>>
send_response:3350:------------------------------>>>>>>>>>>>>>
qtk_uart_write2:414:step=4096
send_response:3355:Send log frame: len=10
send_response:3356:Header: 90 40
send_response:3357:Event: 01 13
send_response:3358:Length: 01 00 (1 bytes)
send_response:3362:value: 0x00
send_response:3369:CRC: 4C 84
send_response:3370:Footer: FF
handle_uart_frame:2809:------------------_>>>>>>>finish_send_response = 5.45,5.06
qtk_uart_client_trsn_run:1408:--------------->>>>>>>>>>>>>first_to_secendTime= 325.69
RESP_STATE_DATA_LENGTH:date_len : 4
data_index : 1
data_index : 2
data_index : 3
data_index : 4
RESP_STATE_DATA:date_len : 4
Received Checksum: 81 06
qtk_uart_client_trsn_run:1501:----------------------now_delay = 0.16
handle_uart_frame:1704:Received event_code: 0x0111
handle_uart_frame:1705:-------=========================================---->>>>>
handle_uart_frame:2769:------------------_>>>>>>now_start_to_deal = 0.20,0.03
handle_uart_frame:2774:------------------_>>>>>>>now_delay = 0.22,0.04
handle_uart_frame:2776:The value is: 25
handle_uart_frame:2780:------------------_>>>>>>>now_delay = 2.30,2.12
send_response:3308:------------------------------>>>>>>>>>>>>>
send_response:3350:------------------------------>>>>>>>>>>>>>
qtk_uart_write2:414:step=4096
send_response:3355:Send log frame: len=10
send_response:3356:Header: 90 40
send_response:3357:Event: 01 11
send_response:3358:Length: 01 00 (1 bytes)
send_response:3362:value: 0x19
send_response:3369:CRC: 8C F6
send_response:3370:Footer: FF
handle_uart_frame:2782:------------------_>>>>>>>finish_send_response = 3.61,3.43
handle_uart_frame:2783:---------------------------------->>>>>>>>>isnot_spk_count = 9
qtk_uart_client_trsn_run:1408:--------------->>>>>>>>>>>>>first_to_secendTime= 323.18
RESP_STATE_DATA_LENGTH:date_len : 1
data_index : 1
RESP_STATE_DATA:date_len : 1
Received Checksum: CF AD
qtk_uart_client_trsn_run:1501:----------------------now_delay = 0.11
handle_uart_frame:1704:Received event_code: 0x011D
handle_uart_frame:1705:-------=========================================---->>>>>
apply_eq_from_json_text_wtk:196:[EQ][apply] main write code=0x05 ret=0 (freq=200.0, B=0, L=5)
apply_eq_from_json_text_wtk:207:[EQ][apply] bass write code=0x05 ret=0 (freq=200.0)
apply_eq_from_json_text_wtk:219:[EQ][apply] summary: total=1, wrote_main=1, wrote_bass=1
handle_uart_frame:3036:[EQ][011D] mode persisted: 2 (0:STD,1:WALL,2:RECESSED)
send_response:3308:------------------------------>>>>>>>>>>>>>
send_response:3350:------------------------------>>>>>>>>>>>>>
qtk_uart_write2:414:step=4096
send_response:3355:Send log frame: len=10
send_response:3356:Header: 90 40
send_response:3357:Event: 01 1D
send_response:3358:Length: 01 00 (1 bytes)
send_response:3362:value: 0x00
send_response:3369:CRC: 4E 6C
send_response:3370:Footer: FF
qtk_uart_client_trsn_run:1408:--------------->>>>>>>>>>>>>first_to_secendTime= 381.72
RESP_STATE_DATA_LENGTH:date_len : 1
data_index : 1
RESP_STATE_DATA:date_len : 1
Received Checksum: 4F 90
qtk_uart_client_trsn_run:1501:----------------------now_delay = 0.13
handle_uart_frame:1704:Received event_code: 0x011C
handle_uart_frame:1705:-------=========================================---->>>>>
handle_uart_frame:2910:------------------_>>>>>>now_start_to_deal = 0.17,0.03
send_response:3308:------------------------------>>>>>>>>>>>>>
send_response:3350:------------------------------>>>>>>>>>>>>>
qtk_uart_write2:414:step=4096
send_response:3355:Send log frame: len=10
send_response:3356:Header: 90 40
send_response:3357:Event: 01 1C
send_response:3358:Length: 01 00 (1 bytes)
send_response:3362:value: 0x02
send_response:3369:CRC: CE 51
send_response:3370:Footer: FF
handle_uart_frame:2936:---------------------------------->>>>>>>>>isnot_spk_count = 11
qtk_uart_client_trsn_run:1408:--------------->>>>>>>>>>>>>first_to_secendTime= 320.08
RESP_STATE_DATA_LENGTH:date_len : 1
data_index : 1
RESP_STATE_DATA:date_len : 1
Received Checksum: 4F D4
qtk_uart_client_trsn_run:1501:----------------------now_delay = 0.12
handle_uart_frame:1704:Received event_code: 0x011F
handle_uart_frame:1705:-------=========================================---->>>>>
handle_uart_frame:3062:------------------_>>>>>>now_start_to_deal = 0.17,0.03
qtk_uart_client_isRunning:1637:=========================>>>>>>>>>>>>>>>>>>>>
qtk_uart_client_isRunning:1659:=========================>>>>>>>>>>>>>>>>>>>>
qtk_uart_client_isRunning:1661:=========================>>>>>>>>>>>>>>>>>>>>count=4
handle_uart_frame:3070:--------------SET_LINEOUTPATTERN=0
handle_uart_frame:3072:------------------_>>>>>>>now_delay = 31.64,31.50
qtk_proc_write:730:input>[SET_LINEOUTPATTERN0]
qtk_proc_write:739:====>>>>qtk_proc_write end once=0
handle_uart_frame:3077:------------------_>>>>>>>now_delay = 31.74,31.60
handle_uart_frame:3085:------------------_>>>>>>>now_delay = 31.77,31.63
handle_uart_frame:3087:----------------------now_delay = 131.98
send_response:3308:------------------------------>>>>>>>>>>>>>
send_response:3350:------------------------------>>>>>>>>>>>>>
qtk_uart_write2:414:step=4096
send_response:3355:Send log frame: len=10
send_response:3356:Header: 90 40
send_response:3357:Event: 01 1F
send_response:3358:Length: 01 00 (1 bytes)
send_response:3362:value: 0x00
send_response:3369:CRC: 4F D4
send_response:3370:Footer: FF
handle_uart_frame:3089:------------------_>>>>>>>finish_send_response = 133.39,133.25
handle_uart_frame:3090:---------------------------------->>>>>>>>>isnot_spk_count = 12
qtk_uart_client_trsn_run:1408:--------------->>>>>>>>>>>>>first_to_secendTime= 462.18
RESP_STATE_DATA_LENGTH:date_len : 1
data_index : 1
RESP_STATE_DATA:date_len : 1
Received Checksum: 4E 28
qtk_uart_client_trsn_run:1501:----------------------now_delay = 0.13
handle_uart_frame:1704:Received event_code: 0x011E
handle_uart_frame:1705:-------=========================================---->>>>>
handle_uart_frame:3050:------------------_>>>>>>now_start_to_deal = 0.18,0.03
send_response:3308:------------------------------>>>>>>>>>>>>>
send_response:3350:------------------------------>>>>>>>>>>>>>
qtk_uart_write2:414:step=4096
send_response:3355:Send log frame: len=10
send_response:3356:Header: 90 40
send_response:3357:Event: 01 1E
send_response:3358:Length: 01 00 (1 bytes)
send_response:3362:value: 0x00
send_response:3369:CRC: 4E 28
send_response:3370:Footer: FF
handle_uart_frame:3053:------------------_>>>>>>>finish_send_response = 1.41,1.26
handle_uart_frame:3054:---------------------------------->>>>>>>>>isnot_spk_count = 12
qtk_uart_client_trsn_run:1408:--------------->>>>>>>>>>>>>first_to_secendTime= 330.62
RESP_STATE_DATA_LENGTH:date_len : 0
Received Checksum: 21 DA
qtk_uart_client_trsn_run:1501:----------------------now_delay = 0.10
handle_uart_frame:1704:Received event_code: 0x010A
handle_uart_frame:1705:-------=========================================---->>>>>
handle_uart_frame:2256:------------------_>>>>>>now_start_to_deal = 0.15,0.03
qtk_uart_client_isRunning:1637:=========================>>>>>>>>>>>>>>>>>>>>
qtk_uart_client_isRunning:1659:=========================>>>>>>>>>>>>>>>>>>>>
qtk_uart_client_isRunning:1661:=========================>>>>>>>>>>>>>>>>>>>>count=4
qtk_proc_write:730:input>[INPUT_INFOR]
qtk_proc_write:739:====>>>>qtk_proc_write end once=0
handle_uart_frame:2279:------------------_>>>>>>>now_delay = 33.59,33.47
handle_uart_frame:2287:------------------_>>>>>>>now_delay = 33.94,33.82
send_response:3308:------------------------------>>>>>>>>>>>>>
send_response:3350:------------------------------>>>>>>>>>>>>>
qtk_uart_write2:414:step=4096
send_response:3355:Send log frame: len=316
send_response:3356:Header: 90 40
send_response:3357:Event: 01 0A
send_response:3358:Length: 33 01 (307 bytes)
send_response:3369:CRC: A2 41
send_response:3370:Footer: FF
handle_uart_frame:2289:------------------_>>>>>>>finish_send_response = 35.50,35.38
handle_uart_frame:2300:---------------------------------->>>>>>>>>isnot_spk_count = 13
qtk_uart_client_trsn_run:1408:--------------->>>>>>>>>>>>>first_to_secendTime= 176.49
RESP_STATE_DATA_LENGTH:date_len : 4
data_index : 1
data_index : 2
data_index : 3
data_index : 4
RESP_STATE_DATA:date_len : 4
Received Checksum: 81 06
qtk_uart_client_trsn_run:1501:----------------------now_delay = 0.18
handle_uart_frame:1704:Received event_code: 0x0111
handle_uart_frame:1705:-------=========================================---->>>>>
handle_uart_frame:2769:------------------_>>>>>>now_start_to_deal = 0.24,0.03
handle_uart_frame:2774:------------------_>>>>>>>now_delay = 0.30,0.10
handle_uart_frame:2776:The value is: 25
handle_uart_frame:2780:------------------_>>>>>>>now_delay = 2.53,2.32
send_response:3308:------------------------------>>>>>>>>>>>>>
send_response:3350:------------------------------>>>>>>>>>>>>>
qtk_uart_write2:414:step=4096
send_response:3355:Send log frame: len=10
send_response:3356:Header: 90 40
send_response:3357:Event: 01 11
send_response:3358:Length: 01 00 (1 bytes)
send_response:3362:value: 0x19
send_response:3369:CRC: 8C F6
send_response:3370:Footer: FF
handle_uart_frame:2782:------------------_>>>>>>>finish_send_response = 3.82,3.61
handle_uart_frame:2783:---------------------------------->>>>>>>>>isnot_spk_count = 14
qtk_uart_client_trsn_run:1408:--------------->>>>>>>>>>>>>first_to_secendTime= 326.88
RESP_STATE_DATA_LENGTH:date_len : 5
data_index : 1
data_index : 2
data_index : 3
data_index : 4
data_index : 5
RESP_STATE_DATA:date_len : 5
Received Checksum: 2F E0
qtk_uart_client_trsn_run:1501:----------------------now_delay = 0.18
handle_uart_frame:1704:Received event_code: 0x010F
handle_uart_frame:1705:-------=========================================---->>>>>
handle_uart_frame:2588:------------------_>>>>>>now_start_to_deal = 0.31,0.03
qtk_uart_client_isRunning:1637:=========================>>>>>>>>>>>>>>>>>>>>
qtk_uart_client_isRunning:1659:=========================>>>>>>>>>>>>>>>>>>>>
qtk_uart_client_isRunning:1661:=========================>>>>>>>>>>>>>>>>>>>>count=4
handle_uart_frame:2593:------------------_>>>>>>>now_delay = 32.298000
handle_uart_frame:2600:+========>>>>>>s=517 pc=U
handle_uart_frame:2605:------------------_>>>>>>>now_delay = 32.91,32.63
handle_uart_frame:2609:------------------_>>>>>>>now_delay = 32.695000
qtk_proc_write:730:input>[ENABLE_LINEIN_MIC]
qtk_proc_write:739:====>>>>qtk_proc_write end once=0
handle_uart_frame:2652:------------------_>>>>>>>now_delay = 32.774000
send_response:3308:------------------------------>>>>>>>>>>>>>
send_response:3350:------------------------------>>>>>>>>>>>>>
qtk_uart_write2:414:step=4096
send_response:3355:Send log frame: len=10
send_response:3356:Header: 90 40
send_response:3357:Event: 01 0F
send_response:3358:Length: 01 00 (1 bytes)
send_response:3362:value: 0x00
send_response:3369:CRC: 4B 14
send_response:3370:Footer: FF
handle_uart_frame:2654:------------------_>>>>>>>finish_send_response = 34.53,34.25
handle_uart_frame:2655:---------------------------------->>>>>>>>>isnot_spk_count = 15
qtk_uart_client_trsn_run:1408:--------------->>>>>>>>>>>>>first_to_secendTime= 355.52
RESP_STATE_DATA_LENGTH:date_len : 5
data_index : 1
data_index : 2
data_index : 3
data_index : 4
data_index : 5
RESP_STATE_DATA:date_len : 5
Received Checksum: 6F F5
qtk_uart_client_trsn_run:1501:----------------------now_delay = 0.32
handle_uart_frame:1704:Received event_code: 0x010C
handle_uart_frame:1705:-------=========================================---->>>>>
handle_uart_frame:2364:------------------_>>>>>>now_start_to_deal = 0.38,0.03
handle_uart_frame:2366:------------------_>>>>>>>now_delay = 0.39,0.04
qtk_uart_client_isRunning:1637:=========================>>>>>>>>>>>>>>>>>>>>
qtk_uart_client_isRunning:1659:=========================>>>>>>>>>>>>>>>>>>>>
qtk_uart_client_isRunning:1661:=========================>>>>>>>>>>>>>>>>>>>>count=4
handle_uart_frame:2371:------------------_>>>>>>>now_delay = 30.09,29.75
handle_uart_frame:2377:+========>>>>>>s=361 pc=V
handle_uart_frame:2379:------------------_>>>>>>>now_delay = 30.37,30.02
handle_uart_frame:2383:------------------_>>>>>>>now_delay = 30.42,30.08
qtk_proc_write:730:input>[UNENABLE_MIC]
qtk_proc_write:739:====>>>>qtk_proc_write end once=0
handle_uart_frame:2394:------------------_>>>>>>>now_delay = 30.51,30.16
handle_uart_frame:2422:------------------_>>>>>>>now_delay = 30.53,30.18
send_response:3308:------------------------------>>>>>>>>>>>>>
send_response:3350:------------------------------>>>>>>>>>>>>>
qtk_uart_write2:414:step=4096
send_response:3355:Send log frame: len=10
send_response:3356:Header: 90 40
send_response:3357:Event: 01 0C
send_response:3358:Length: 01 00 (1 bytes)
send_response:3362:value: 0x00
send_response:3369:CRC: 4B 50
send_response:3370:Footer: FF
handle_uart_frame:2424:------------------_>>>>>>>finish_send_response = 31.99,31.64
handle_uart_frame:2431:------------------_>>>>>>>now_delay = 40.01,39.66
handle_uart_frame:2433:---------------------------------->>>>>>>>>isnot_spk_count = 16
qtk_uart_client_trsn_run:1408:--------------->>>>>>>>>>>>>first_to_secendTime= 362.99
RESP_STATE_DATA_LENGTH:date_len : 5
data_index : 1
data_index : 2
data_index : 3
data_index : 4
data_index : 5
RESP_STATE_DATA:date_len : 5
Received Checksum: 97 EC
qtk_uart_client_trsn_run:1501:----------------------now_delay = 0.54
handle_uart_frame:1704:Received event_code: 0x010E
handle_uart_frame:1705:-------=========================================---->>>>>
handle_uart_frame:2522:------------------_>>>>>>now_start_to_deal = 0.65,0.07
qtk_uart_client_isRunning:1637:=========================>>>>>>>>>>>>>>>>>>>>
qtk_uart_client_isRunning:1659:=========================>>>>>>>>>>>>>>>>>>>>
qtk_uart_client_isRunning:1661:=========================>>>>>>>>>>>>>>>>>>>>count=4
handle_uart_frame:2533:+========>>>>>>s=483 pc=V
qtk_proc_write:730:input>[UNENABLE_LINEIN_KWS]
qtk_proc_write:739:====>>>>qtk_proc_write end once=0
handle_uart_frame:2573:------------------_>>>>>>>now_delay = 50.562000
send_response:3308:------------------------------>>>>>>>>>>>>>
send_response:3350:------------------------------>>>>>>>>>>>>>
qtk_uart_write2:414:step=4096
send_response:3355:Send log frame: len=10
send_response:3356:Header: 90 40
send_response:3357:Event: 01 0E
send_response:3358:Length: 01 00 (1 bytes)
send_response:3362:value: 0x00
send_response:3369:CRC: 4A E8
send_response:3370:Footer: FF
handle_uart_frame:2575:------------------_>>>>>>>finish_send_response = 52.50,51.92
handle_uart_frame:2576:------------------_>>>>>>>now_delay = 51.984000
handle_uart_frame:2580:---------------------------------->>>>>>>>>isnot_spk_count = 17
qtk_uart_client_trsn_run:1408:--------------->>>>>>>>>>>>>first_to_secendTime= 380.93
RESP_STATE_DATA_LENGTH:date_len : 4
data_index : 1
data_index : 2
data_index : 3
data_index : 4
RESP_STATE_DATA:date_len : 4
Received Checksum: A2 7F
qtk_uart_client_trsn_run:1501:----------------------now_delay = 0.44
handle_uart_frame:1704:Received event_code: 0x0102
handle_uart_frame:1705:-------=========================================---->>>>>
handle_uart_frame:1802:------------------------resp = 0
send_response:3308:------------------------------>>>>>>>>>>>>>
send_response:3350:------------------------------>>>>>>>>>>>>>
qtk_uart_write2:414:step=4096
send_response:3355:Send log frame: len=10
send_response:3356:Header: 90 40
send_response:3357:Event: 01 02
send_response:3358:Length: 01 00 (1 bytes)
send_response:3362:value: 0x00
send_response:3369:CRC: 49 B8
send_response:3370:Footer: FF
handle_uart_frame:1821:---------------------------------->>>>>>>>>isnot_spk_count = 17
qtk_uart_client_trsn_run:1408:--------------->>>>>>>>>>>>>first_to_secendTime= 342.78
RESP_STATE_DATA_LENGTH:date_len : 4
data_index : 1
data_index : 2
data_index : 3
data_index : 4
RESP_STATE_DATA:date_len : 4
Received Checksum: 3A 7E
qtk_uart_client_trsn_run:1501:----------------------now_delay = 0.45
handle_uart_frame:1704:Received event_code: 0x011A
handle_uart_frame:1705:-------=========================================---->>>>>
send_response:3308:------------------------------>>>>>>>>>>>>>
send_response:3350:------------------------------>>>>>>>>>>>>>
qtk_uart_write2:414:step=4096
send_response:3355:Send log frame: len=10
send_response:3356:Header: 90 40
send_response:3357:Event: 01 1A
send_response:3358:Length: 01 00 (1 bytes)
send_response:3362:value: 0x00
send_response:3369:CRC: 4F 18
send_response:3370:Footer: FF
qtk_uart_client_trsn_run:1408:--------------->>>>>>>>>>>>>first_to_secendTime= 336.42
RESP_STATE_DATA_LENGTH:date_len : 5
data_index : 1
data_index : 2
data_index : 3
data_index : 4
data_index : 5
RESP_STATE_DATA:date_len : 5
Received Checksum: 16 39
qtk_uart_client_trsn_run:1501:----------------------now_delay = 0.55
handle_uart_frame:1704:Received event_code: 0x010D
handle_uart_frame:1705:-------=========================================---->>>>>
handle_uart_frame:2444:------------------_>>>>>>now_start_to_deal = 0.72,0.07
qtk_uart_client_isRunning:1637:=========================>>>>>>>>>>>>>>>>>>>>
qtk_uart_client_isRunning:1659:=========================>>>>>>>>>>>>>>>>>>>>
qtk_uart_client_isRunning:1661:=========================>>>>>>>>>>>>>>>>>>>>count=4
handle_uart_frame:2479:+========>>>>>>s=429 pc=V
handle_uart_frame:2488:------------------_>>>>>>>now_delay = 56.40,55.76
qtk_proc_write:730:input>[ENABLE_SPK]
qtk_proc_write:739:====>>>>qtk_proc_write end once=0
handle_uart_frame:2491:------------------_>>>>>>>now_delay = 56.51,55.86
handle_uart_frame:2498:------------------_>>>>>>>now_delay = 56.53,55.88
send_response:3308:------------------------------>>>>>>>>>>>>>
send_response:3350:------------------------------>>>>>>>>>>>>>
qtk_uart_write2:414:step=4096
send_response:3355:Send log frame: len=10
send_response:3356:Header: 90 40
send_response:3357:Event: 01 0D
send_response:3358:Length: 01 00 (1 bytes)
send_response:3362:value: 0x00
send_response:3369:CRC: 4A AC
send_response:3370:Footer: FF
handle_uart_frame:2500:------------------_>>>>>>>finish_send_response = 57.98,57.33
handle_uart_frame:2500:------------------_>>>>>>>now_delay = 58.01,57.36
handle_uart_frame:2508:------------------_>>>>>>>now_delay = 65.81,65.16
handle_uart_frame:2511:---------------------------------->>>>>>>>>isnot_spk_count = 19
send_audio_status_frame:312:-------------------------------->>>>>>
send_audio_status_frame:318:-------------------------------->>>>>>
send_audio_status_frame:326:-------------------------------->>>>>>
send_audio_status_frame:396:-------------------------------->>>>>>
send_response:3308:------------------------------>>>>>>>>>>>>>
send_response:3350:------------------------------>>>>>>>>>>>>>
qtk_uart_write2:414:step=4096
send_response:3355:Send log frame: len=147
send_response:3356:Header: 90 40
send_response:3357:Event: 01 16
send_response:3358:Length: 8A 00 (138 bytes)
send_response:3369:CRC: EC EE
send_response:3370:Footer: FF
send_audio_status_frame:399:-------------------------------->>>>>>
send_audio_status_frame:401:-------------------------------->>>>>>
qtk_uart_client_trsn_run:1408:--------------->>>>>>>>>>>>>first_to_secendTime= 390.76
RESP_STATE_DATA_LENGTH:date_len : 1
data_index : 1
RESP_STATE_DATA:date_len : 1
Received Checksum: 0E A1
qtk_uart_client_trsn_run:1501:----------------------now_delay = 0.33
handle_uart_frame:1704:Received event_code: 0x0118
handle_uart_frame:1705:-------=========================================---->>>>>
handle_uart_frame:2862:------------------_>>>>>>now_start_to_deal = 0.45,0.07
qtk_uart_client_isRunning:1637:=========================>>>>>>>>>>>>>>>>>>>>
qtk_uart_client_isRunning:1659:=========================>>>>>>>>>>>>>>>>>>>>
qtk_uart_client_isRunning:1661:=========================>>>>>>>>>>>>>>>>>>>>count=4
handle_uart_frame:2865:------------------_>>>>>>>now_delay = 47.79,47.42
handle_uart_frame:2869:------------------_>>>>>>>now_delay = 47.92,47.54
handle_uart_frame:2872:-----------------frame->data[1]:3
handle_uart_frame:2873:------------------_>>>>>>>now_delay = 47.95,47.58
qtk_proc_write:730:input>[SPEAKER_CONRTOL03]
qtk_proc_write:739:====>>>>qtk_proc_write end once=0
handle_uart_frame:2876:------------------_>>>>>>>now_delay = 48.04,47.67
handle_uart_frame:2881:------------------_>>>>>>>now_delay = 48.06,47.69
send_response:3308:------------------------------>>>>>>>>>>>>>
send_response:3350:------------------------------>>>>>>>>>>>>>
qtk_uart_write2:414:step=4096
send_response:3355:Send log frame: len=10
send_response:3356:Header: 90 40
send_response:3357:Event: 01 18
send_response:3358:Length: 01 00 (1 bytes)
send_response:3362:value: 0x00
send_response:3369:CRC: 4E A0
send_response:3370:Footer: FF
handle_uart_frame:2883:------------------_>>>>>>>finish_send_response = 49.41,49.04
handle_uart_frame:2884:----------------------------->>>>>>>isnot_spk_count=20
qtk_uart_client_trsn_run:1408:--------------->>>>>>>>>>>>>first_to_secendTime= 382.30
RESP_STATE_DATA_LENGTH:date_len : 4
data_index : 1
data_index : 2
data_index : 3
data_index : 4
RESP_STATE_DATA:date_len : 4
Received Checksum: 90 C7
qtk_uart_client_trsn_run:1501:----------------------now_delay = 0.51
handle_uart_frame:1704:Received event_code: 0x0101
handle_uart_frame:1705:-------=========================================---->>>>>
send_response:3308:------------------------------>>>>>>>>>>>>>
send_response:3350:------------------------------>>>>>>>>>>>>>
qtk_uart_write2:414:step=4096
send_response:3355:Send log frame: len=10
send_response:3356:Header: 90 40
send_response:3357:Event: 01 01
send_response:3358:Length: 01 00 (1 bytes)
send_response:3362:value: 0x00
send_response:3369:CRC: 49 FC
send_response:3370:Footer: FF
handle_uart_frame:1764:------------------_>>>>>>>finish_send_response = 2.75,2.18
handle_uart_frame:1769:---------------------------------->>>>>>>>>isnot_spk_count = 20
qtk_uart_client_trsn_run:1408:--------------->>>>>>>>>>>>>first_to_secendTime= 337.01
RESP_STATE_DATA_LENGTH:date_len : 0
Received Checksum: 70 1A
qtk_uart_client_trsn_run:1501:----------------------now_delay = 0.30
handle_uart_frame:1704:Received event_code: 0x010B
handle_uart_frame:1705:-------=========================================---->>>>>
handle_uart_frame:2308:------------------_>>>>>>now_start_to_deal = 0.42,0.07
qtk_uart_client_isRunning:1637:=========================>>>>>>>>>>>>>>>>>>>>
qtk_uart_client_isRunning:1659:=========================>>>>>>>>>>>>>>>>>>>>
qtk_uart_client_isRunning:1661:=========================>>>>>>>>>>>>>>>>>>>>count=4
qtk_proc_write:730:input>[OUTPUT_INFOR]
qtk_proc_write:739:====>>>>qtk_proc_write end once=0
handle_uart_frame:2322:------------------_>>>>>>>now_delay = 43.86,43.51
handle_uart_frame:2324:------------------_>>>>>>>now_delay = 43.90,43.55
handle_uart_frame:2335:------------------_>>>>>>>now_delay = 48.02,47.67
handle_uart_frame:2342:----------------------now_delay = 48.37  48.014000
send_response:3308:------------------------------>>>>>>>>>>>>>
send_response:3350:------------------------------>>>>>>>>>>>>>
qtk_uart_write2:414:step=4096
send_response:3355:Send log frame: len=311
send_response:3356:Header: 90 40
send_response:3357:Event: 01 0B
send_response:3358:Length: 2E 01 (302 bytes)
send_response:3369:CRC: 87 A5
send_response:3370:Footer: FF
handle_uart_frame:2344:------------------_>>>>>>>finish_send_response = 49.85,49.50
handle_uart_frame:2355:---------------------------------->>>>>>>>>isnot_spk_count = 21
qtk_uart_client_trsn_run:1408:--------------->>>>>>>>>>>>>first_to_secendTime= 481.54
RESP_STATE_DATA_LENGTH:date_len : 110
data_index : 1
data_index : 2
data_index : 3
data_index : 4
data_index : 5
data_index : 6
data_index : 7
data_index : 8
data_index : 9
data_index : 10
data_index : 11
data_index : 12
data_index : 13
data_index : 14
data_index : 15
data_index : 16
data_index : 17
data_index : 18
data_index : 19
data_index : 20
data_index : 21
data_index : 22
data_index : 23
data_index : 24
data_index : 25
data_index : 26
data_index : 27
data_index : 28
data_index : 29
data_index : 30
data_index : 31
data_index : 32
data_index : 33
data_index : 34
data_index : 35
data_index : 36
data_index : 37
data_index : 38
data_index : 39
data_index : 40
data_index : 41
data_index : 42
data_index : 43
data_index : 44
data_index : 45
data_index : 46
data_index : 47
data_index : 48
data_index : 49
data_index : 50
data_index : 51
data_index : 52
data_index : 53
data_index : 54
data_index : 55
data_index : 56
data_index : 57
data_index : 58
data_index : 59
data_index : 60
data_index : 61
data_index : 62
data_index : 63
data_index : 64
data_index : 65
data_index : 66
data_index : 67
data_index : 68
data_index : 69
data_index : 70
data_index : 71
data_index : 72
data_index : 73
data_index : 74
data_index : 75
data_index : 76
data_index : 77
data_index : 78
data_index : 79
data_index : 80
data_index : 81
data_index : 82
data_index : 83
data_index : 84
data_index : 85
data_index : 86
data_index : 87
data_index : 88
data_index : 89
data_index : 90
data_index : 91
data_index : 92
data_index : 93
data_index : 94
data_index : 95
data_index : 96
data_index : 97
data_index : 98
data_index : 99
data_index : 100
data_index : 101
data_index : 102
data_index : 103
data_index : 104
data_index : 105
data_index : 106
data_index : 107
data_index : 108
data_index : 109
data_index : 110
RESP_STATE_DATA:date_len : 110
Received Checksum: CD 31
qtk_uart_client_trsn_run:1501:----------------------now_delay = 4.60
handle_uart_frame:1704:Received event_code: 0x0103
handle_uart_frame:1705:-------=========================================---->>>>>
handle_uart_frame:1832:[EQ][0103] === Start EQ output setting ===
handle_uart_frame:1835:[EQ][0103] Step 1: Checking payload validity...
handle_uart_frame:1842:[EQ][0103] Payload check passed
handle_uart_frame:1845:[EQ][0103] Step 2: Sanitizing payload...
handle_uart_frame:1855:[EQ][0103] Payload sanitized. Length = 106
handle_uart_frame:1858:[EQ][0103] Step 3: Saving to file /oem/qdreamer/qsound/eq.json...
handle_uart_frame:1865:[EQ][0103] File saved successfully
handle_uart_frame:1868:[EQ][0103] Step 4: Applying EQ settings in current thread...
apply_eq_from_json_text_wtk:196:[EQ][apply] main write code=0x01 ret=0 (freq=200.0, B=0, L=1)
apply_eq_from_json_text_wtk:207:[EQ][apply] bass write code=0x01 ret=0 (freq=200.0)
apply_eq_from_json_text_wtk:196:[EQ][apply] main write code=0x14 ret=0 (freq=2000.0, B=1, L=4)
apply_eq_from_json_text_wtk:196:[EQ][apply] main write code=0x20 ret=0 (freq=6000.0, B=2, L=0)
apply_eq_from_json_text_wtk:219:[EQ][apply] summary: total=3, wrote_main=3, wrote_bass=1
handle_uart_frame:1876:[EQ][0103] EQ applied successfully
handle_uart_frame:1879:[EQ][0103] Step 5: Sending success response...
send_response:3308:------------------------------>>>>>>>>>>>>>
send_response:3350:------------------------------>>>>>>>>>>>>>
qtk_uart_write2:414:step=4096
send_response:3355:Send log frame: len=10
send_response:3356:Header: 90 40
send_response:3357:Event: 01 03
send_response:3358:Length: 01 00 (1 bytes)
send_response:3362:value: 0x00
send_response:3369:CRC: 48 44
send_response:3370:Footer: FF
handle_uart_frame:1883:[EQ][0103] === End EQ output setting ===
qtk_uart_client_trsn_run:1408:--------------->>>>>>>>>>>>>first_to_secendTime= 396.69
RESP_STATE_DATA_LENGTH:date_len : 1
data_index : 1
RESP_STATE_DATA:date_len : 1
Received Checksum: 48 CC
qtk_uart_client_trsn_run:1501:----------------------now_delay = 1.82
handle_uart_frame:1704:Received event_code: 0x0105
handle_uart_frame:1705:-------=========================================---->>>>>
handle_uart_frame:1890:------------------_>>>>>>now_start_to_deal = 1.98,0.07
handle_uart_frame:1896:================fread=[use_uart=1;
uart={
	dev=/dev/ttyS4; #串口节点
	baude=115200;#波特率
	c_flow=0;#流控(0 不使用| 1 硬件流控| 2 软件流控)
	bits=8; #数据位(5,6,7,8)
	parity=0;#校验位(0 不使用| 1 奇校验 | 2 偶检验)
	stop=1;#停止位(1 1停止位| 2 2停止位)
	step_size=4096;#每1ms 发送的字节数
};

VBOX3_ANS=1;
VBOX3_AGC=0;
VBOX3_AEC=0;
VBOX3_MIC=0;                                                       
VBOX3_SPK=1;                                         
VBOX3_LINEIN=0;
USE_LINEIN_SPK=0;
USE_LINEIN_MIC=1;
vbox3_aec_level=1;
vbox3_agc_level=0;
vbox3_anc_level=0;
mic_shift2=2.46;]
handle_uart_frame:1904:+========>>>>>>s=322 pc=V
qtk_uart_client_isRunning:1637:=========================>>>>>>>>>>>>>>>>>>>>
qtk_uart_client_isRunning:1659:=========================>>>>>>>>>>>>>>>>>>>>
qtk_uart_client_isRunning:1661:=========================>>>>>>>>>>>>>>>>>>>>count=4
qtk_proc_write:730:input>[SET_MICANC_OFF]
qtk_proc_write:739:====>>>>qtk_proc_write end once=0
handle_uart_frame:1926:------------------_>>>>>>>now_delay = 58.54,56.64
send_response:3308:------------------------------>>>>>>>>>>>>>
send_response:3350:------------------------------>>>>>>>>>>>>>
qtk_uart_write2:414:step=4096
send_response:3355:Send log frame: len=10
send_response:3356:Header: 90 40
send_response:3357:Event: 01 05
send_response:3358:Length: 01 00 (1 bytes)
send_response:3362:value: 0x00
send_response:3369:CRC: 48 CC
send_response:3370:Footer: FF
handle_uart_frame:1962:------------------_>>>>>>>finish_send_response = 60.03,58.12
handle_uart_frame:1970:------------------_>>>>>>>now_delay = 68.64,66.74
handle_uart_frame:1971:---------------------------------->>>>>>>>>isnot_spk_count = 22
qtk_uart_client_trsn_run:1408:--------------->>>>>>>>>>>>>first_to_secendTime= 385.83
RESP_STATE_DATA_LENGTH:date_len : 0
Received Checksum: 40 19
qtk_uart_client_trsn_run:1501:----------------------now_delay = 0.35
handle_uart_frame:1704:Received event_code: 0x0104
handle_uart_frame:1705:-------=========================================---->>>>>
handle_uart_frame:1979:------------------_>>>>>>now_start_to_deal = 0.47,0.07
qtk_uart_client_get_arg:755:==================>>>>>>>1024
handle_uart_frame:1982:anc status: 0
handle_uart_frame:1989:------------------_>>>>>>>now_delay = 0.93,0.54
handle_uart_frame:1990:anc status: 0x00
send_response:3308:------------------------------>>>>>>>>>>>>>
send_response:3350:------------------------------>>>>>>>>>>>>>
qtk_uart_write2:414:step=4096
send_response:3355:Send log frame: len=10
send_response:3356:Header: 90 40
send_response:3357:Event: 01 04
send_response:3358:Length: 01 00 (1 bytes)
send_response:3362:value: 0x00
send_response:3369:CRC: 49 30
send_response:3370:Footer: FF
handle_uart_frame:1994:------------------_>>>>>>>finish_send_response = 2.76,2.37
handle_uart_frame:1995:---------------------------------->>>>>>>>>isnot_spk_count = 23
qtk_uart_client_trsn_run:1408:--------------->>>>>>>>>>>>>first_to_secendTime= 320.19
RESP_STATE_DATA_LENGTH:date_len : 1
data_index : 1
RESP_STATE_DATA:date_len : 1
Received Checksum: 88 B4
qtk_uart_client_trsn_run:1501:----------------------now_delay = 0.38
handle_uart_frame:1704:Received event_code: 0x0107
handle_uart_frame:1705:-------=========================================---->>>>>
handle_uart_frame:2003:------------------_>>>>>>now_start_to_deal = 0.50,0.07
handle_uart_frame:2045:------------------_>>>>>>>now_delay = 0.71,0.27
handle_uart_frame:2049:------------------_>>>>>>>now_delay = 0.89,0.46
handle_uart_frame:2053:------------------_>>>>>>>now_delay = 0.94,0.51
handle_uart_frame:2058:+========>>>>>>s=335 pc=V
handle_uart_frame:2060:------------------_>>>>>>>now_delay = 1.08,0.65
qtk_uart_client_isRunning:1637:=========================>>>>>>>>>>>>>>>>>>>>
qtk_uart_client_isRunning:1659:=========================>>>>>>>>>>>>>>>>>>>>
qtk_uart_client_isRunning:1661:=========================>>>>>>>>>>>>>>>>>>>>count=4
qtk_proc_write:730:input>[SET_MICAGC_ON]
qtk_proc_write:739:====>>>>qtk_proc_write end once=0
handle_uart_frame:2080:------------------_>>>>>>>now_delay = 56.49,56.06
send_response:3308:------------------------------>>>>>>>>>>>>>
send_response:3350:------------------------------>>>>>>>>>>>>>
qtk_uart_write2:414:step=4096
send_response:3355:Send log frame: len=10
send_response:3356:Header: 90 40
send_response:3357:Event: 01 07
send_response:3358:Length: 01 00 (1 bytes)
send_response:3362:value: 0x00
send_response:3369:CRC: 49 74
send_response:3370:Footer: FF
handle_uart_frame:2082:------------------_>>>>>>>finish_send_response = 57.94,57.51
handle_uart_frame:2092:------------------_>>>>>>>now_delay = 65.82,65.39
handle_uart_frame:2093:---------------------------------->>>>>>>>>isnot_spk_count = 24
qtk_uart_client_trsn_run:1408:--------------->>>>>>>>>>>>>first_to_secendTime= 387.55
RESP_STATE_DATA_LENGTH:date_len : 0
Received Checksum: E1 D9
qtk_uart_client_trsn_run:1501:----------------------now_delay = 0.29
handle_uart_frame:1704:Received event_code: 0x0106
handle_uart_frame:1705:-------=========================================---->>>>>
handle_uart_frame:2101:------------------_>>>>>>now_start_to_deal = 0.40,0.07
handle_uart_frame:2103:------------------_>>>>>>>now_delay = 0.44,0.11
qtk_uart_client_get_arg:755:==================>>>>>>>1024
handle_uart_frame:2105:agc status: 1
handle_uart_frame:2107:------------------_>>>>>>>now_delay = 0.90,0.58
handle_uart_frame:2113:------------------_>>>>>>>now_delay = 1.01,0.69
send_response:3308:------------------------------>>>>>>>>>>>>>
send_response:3350:------------------------------>>>>>>>>>>>>>
qtk_uart_write2:414:step=4096
send_response:3355:Send log frame: len=10
send_response:3356:Header: 90 40
send_response:3357:Event: 01 06
send_response:3358:Length: 01 00 (1 bytes)
send_response:3362:value: 0x01
send_response:3369:CRC: 89 48
send_response:3370:Footer: FF
handle_uart_frame:2115:------------------_>>>>>>>finish_send_response = 2.56,2.23
handle_uart_frame:2118:---------------------------------->>>>>>>>>isnot_spk_count = 25
qtk_uart_client_trsn_run:1408:--------------->>>>>>>>>>>>>first_to_secendTime= 333.53
RESP_STATE_DATA_LENGTH:date_len : 1
data_index : 1
RESP_STATE_DATA:date_len : 1
Received Checksum: 4B 9C
qtk_uart_client_trsn_run:1501:----------------------now_delay = 0.16
handle_uart_frame:1704:Received event_code: 0x0109
handle_uart_frame:1705:-------=========================================---->>>>>
handle_uart_frame:2125:------------------_>>>>>>now_start_to_deal = 0.32,0.12
handle_uart_frame:2129:------------------_>>>>>>>now_delay = 0.41,0.21
handle_uart_frame:2132:================fread=[use_uart=1;
uart={
	dev=/dev/ttyS4; #串口节点
	baude=115200;#波特率
	c_flow=0;#流控(0 不使用| 1 硬件流控| 2 软件流控)
	bits=8; #数据位(5,6,7,8)
	parity=0;#校验位(0 不使用| 1 奇校验 | 2 偶检验)
	stop=1;#停止位(1 1停止位| 2 2停止位)
	step_size=4096;#每1ms 发送的字节数
};

VBOX3_ANS=0;
VBOX3_AGC=1;
VBOX3_AEC=0;
VBOX3_MIC=0;                                                       
VBOX3_SPK=1;                                         
VBOX3_LINEIN=0;
USE_LINEIN_SPK=0;
USE_LINEIN_MIC=1;
vbox3_aec_level=1;
vbox3_agc_level=0;
vbox3_anc_level=0;
mic_shift2=2.46;]
handle_uart_frame:2133:------------------_>>>>>>>now_delay = 0.53,0.34
handle_uart_frame:2140:+========>>>>>>s=348 pc=V
handle_uart_frame:2142:------------------_>>>>>>>now_delay = 0.60,0.40
handle_uart_frame:2144:------------------_>>>>>>>now_delay = 0.64,0.44
qtk_uart_client_isRunning:1637:=========================>>>>>>>>>>>>>>>>>>>>
qtk_uart_client_isRunning:1659:=========================>>>>>>>>>>>>>>>>>>>>
qtk_uart_client_isRunning:1661:=========================>>>>>>>>>>>>>>>>>>>>count=4
qtk_proc_write:730:input>[SET_MICAEC_OFF]
qtk_proc_write:739:====>>>>qtk_proc_write end once=0
handle_uart_frame:2158:------------------_>>>>>>>now_delay = 50.66,50.47
handle_uart_frame:2208:------------------_>>>>>>>now_delay = 50.69,50.50
send_response:3308:------------------------------>>>>>>>>>>>>>
send_response:3350:------------------------------>>>>>>>>>>>>>
qtk_uart_write2:414:step=4096
send_response:3355:Send log frame: len=10
send_response:3356:Header: 90 40
send_response:3357:Event: 01 09
send_response:3358:Length: 01 00 (1 bytes)
send_response:3362:value: 0x00
send_response:3369:CRC: 4B 9C
send_response:3370:Footer: FF
handle_uart_frame:2210:------------------_>>>>>>>finish_send_response = 52.04,51.85
handle_uart_frame:2220:------------------_>>>>>>>now_delay = 55.61,55.42
handle_uart_frame:2221:---------------------------------->>>>>>>>>isnot_spk_count = 26
qtk_uart_client_trsn_run:1408:--------------->>>>>>>>>>>>>first_to_secendTime= 380.22
RESP_STATE_DATA_LENGTH:date_len : 0
Received Checksum: 80 1A
qtk_uart_client_trsn_run:1501:----------------------now_delay = 0.18
handle_uart_frame:1704:Received event_code: 0x0108
handle_uart_frame:1705:-------=========================================---->>>>>
handle_uart_frame:2228:------------------_>>>>>>now_start_to_deal = 0.25,0.03
handle_uart_frame:2230:------------------_>>>>>>>now_delay = 0.26,0.04
qtk_uart_client_get_arg:755:==================>>>>>>>1024
handle_uart_frame:2233:------------------_>>>>>>>now_delay = 0.50,0.28
handle_uart_frame:2234:AEC Response:AEC level 0
send_response:3308:------------------------------>>>>>>>>>>>>>
send_response:3350:------------------------------>>>>>>>>>>>>>
qtk_uart_write2:414:step=4096
send_response:3355:Send log frame: len=10
send_response:3356:Header: 90 40
send_response:3357:Event: 01 08
send_response:3358:Length: 01 00 (1 bytes)
send_response:3362:value: 0x00
send_response:3369:CRC: 4A 60
send_response:3370:Footer: FF
handle_uart_frame:2245:------------------_>>>>>>>finish_send_response = 1.91,1.69
handle_uart_frame:2247:------------------_>>>>>>>now_delay = 1.94,1.72
handle_uart_frame:2248:---------------------------------->>>>>>>>>isnot_spk_count = 27
qtk_uart_client_trsn_run:1408:--------------->>>>>>>>>>>>>first_to_secendTime= 341.17
RESP_STATE_DATA_LENGTH:date_len : 5
data_index : 1
data_index : 2
data_index : 3
data_index : 4
data_index : 5
RESP_STATE_DATA:date_len : 5
Received Checksum: AF 74
qtk_uart_client_trsn_run:1501:----------------------now_delay = 0.17
handle_uart_frame:1704:Received event_code: 0x0112
handle_uart_frame:1705:-------=========================================---->>>>>
handle_uart_frame:2734:------------------_>>>>>>now_start_to_deal = 0.22,0.03
qtk_uart_client_isRunning:1637:=========================>>>>>>>>>>>>>>>>>>>>
qtk_uart_client_isRunning:1659:=========================>>>>>>>>>>>>>>>>>>>>
qtk_uart_client_isRunning:1661:=========================>>>>>>>>>>>>>>>>>>>>count=4
handle_uart_frame:2743:--------------SET_MICVOLUME==3
qtk_proc_write:730:input>[SET_MICVOLUME3]
qtk_proc_write:739:====>>>>qtk_proc_write end once=0
handle_uart_frame:2755:------------------_>>>>>>>now_delay = 51.02,50.83
send_response:3308:------------------------------>>>>>>>>>>>>>
send_response:3350:------------------------------>>>>>>>>>>>>>
qtk_uart_write2:414:step=4096
send_response:3355:Send log frame: len=10
send_response:3356:Header: 90 40
send_response:3357:Event: 01 12
send_response:3358:Length: 01 00 (1 bytes)
send_response:3362:value: 0x00
send_response:3369:CRC: 4D 78
send_response:3370:Footer: FF
handle_uart_frame:2757:------------------_>>>>>>>finish_send_response = 52.31,52.12
handle_uart_frame:2758:---------------------------------->>>>>>>>>isnot_spk_count = 28
qtk_uart_client_trsn_run:1408:--------------->>>>>>>>>>>>>first_to_secendTime= 370.65
RESP_STATE_DATA_LENGTH:date_len : 4
data_index : 1
data_index : 2
data_index : 3
data_index : 4
RESP_STATE_DATA:date_len : 4
Received Checksum: 90 7E
qtk_uart_client_trsn_run:1501:----------------------now_delay = 0.15
handle_uart_frame:1704:Received event_code: 0x0110
handle_uart_frame:1705:-------=========================================---->>>>>
handle_uart_frame:2717:------------------_>>>>>>now_start_to_deal = 0.20,0.03
handle_uart_frame:2721:------------------_>>>>>>>now_delay = 0.22,0.04
handle_uart_frame:2722:MIC volume_value: 0x03
handle_uart_frame:2723:------------------_>>>>>>>now_delay = 0.24,0.07
send_response:3308:------------------------------>>>>>>>>>>>>>
send_response:3350:------------------------------>>>>>>>>>>>>>
qtk_uart_write2:414:step=4096
send_response:3355:Send log frame: len=10
send_response:3356:Header: 90 40
send_response:3357:Event: 01 10
send_response:3358:Length: 01 00 (1 bytes)
send_response:3362:value: 0x03
send_response:3369:CRC: 0C C1
send_response:3370:Footer: FF
handle_uart_frame:2725:------------------_>>>>>>>finish_send_response = 1.61,1.43
handle_uart_frame:2726:---------------------------------->>>>>>>>>isnot_spk_count = 29
qtk_uart_client_trsn_run:1408:--------------->>>>>>>>>>>>>first_to_secendTime= 331.78
RESP_STATE_DATA_LENGTH:date_len : 5
data_index : 1
data_index : 2
data_index : 3
data_index : 4
data_index : 5
RESP_STATE_DATA:date_len : 5
Received Checksum: 17 41
qtk_uart_client_trsn_run:1501:----------------------now_delay = 0.19
handle_uart_frame:1704:Received event_code: 0x0113
handle_uart_frame:1705:-------=========================================---->>>>>
handle_uart_frame:2791:------------------>>>>>>95
handle_uart_frame:2799:------->echo 95 > /sys/bus/i2c/devices/3-006d/volume
handle_uart_frame:2807:------->echo 95 > /sys/bus/i2c/devices/3-0069/volume
send_response:3308:------------------------------>>>>>>>>>>>>>
send_response:3350:------------------------------>>>>>>>>>>>>>
qtk_uart_write2:414:step=4096
send_response:3355:Send log frame: len=10
send_response:3356:Header: 90 40
send_response:3357:Event: 01 13
send_response:3358:Length: 01 00 (1 bytes)
send_response:3362:value: 0x00
send_response:3369:CRC: 4C 84
send_response:3370:Footer: FF
handle_uart_frame:2809:------------------_>>>>>>>finish_send_response = 5.49,5.26
qtk_uart_client_trsn_run:1408:--------------->>>>>>>>>>>>>first_to_secendTime= 325.37
RESP_STATE_DATA_LENGTH:date_len : 4
data_index : 1
data_index : 2
data_index : 3
data_index : 4
RESP_STATE_DATA:date_len : 4
Received Checksum: 81 06
qtk_uart_client_trsn_run:1501:----------------------now_delay = 0.15
handle_uart_frame:1704:Received event_code: 0x0111
handle_uart_frame:1705:-------=========================================---->>>>>
handle_uart_frame:2769:------------------_>>>>>>now_start_to_deal = 0.20,0.03
handle_uart_frame:2774:------------------_>>>>>>>now_delay = 0.22,0.04
handle_uart_frame:2776:The value is: 95
handle_uart_frame:2780:------------------_>>>>>>>now_delay = 2.46,2.28
send_response:3308:------------------------------>>>>>>>>>>>>>
send_response:3350:------------------------------>>>>>>>>>>>>>
qtk_uart_write2:414:step=4096
send_response:3355:Send log frame: len=10
send_response:3356:Header: 90 40
send_response:3357:Event: 01 11
send_response:3358:Length: 01 00 (1 bytes)
send_response:3362:value: 0x5F
send_response:3369:CRC: 0D 04
send_response:3370:Footer: FF
handle_uart_frame:2782:------------------_>>>>>>>finish_send_response = 3.82,3.64
handle_uart_frame:2783:---------------------------------->>>>>>>>>isnot_spk_count = 30
qtk_uart_client_trsn_run:1408:--------------->>>>>>>>>>>>>first_to_secendTime= 334.15
RESP_STATE_DATA_LENGTH:date_len : 1
data_index : 1
RESP_STATE_DATA:date_len : 1
Received Checksum: 4E 6C
qtk_uart_client_trsn_run:1501:----------------------now_delay = 0.19
handle_uart_frame:1704:Received event_code: 0x011D
handle_uart_frame:1705:-------=========================================---->>>>>
apply_eq_from_json_text_wtk:196:[EQ][apply] main write code=0x13 ret=0 (freq=1000.0, B=1, L=3)
apply_eq_from_json_text_wtk:219:[EQ][apply] summary: total=1, wrote_main=1, wrote_bass=0
handle_uart_frame:3036:[EQ][011D] mode persisted: 0 (0:STD,1:WALL,2:RECESSED)
send_response:3308:------------------------------>>>>>>>>>>>>>
send_response:3350:------------------------------>>>>>>>>>>>>>
qtk_uart_write2:414:step=4096
send_response:3355:Send log frame: len=10
send_response:3356:Header: 90 40
send_response:3357:Event: 01 1D
send_response:3358:Length: 01 00 (1 bytes)
send_response:3362:value: 0x00
send_response:3369:CRC: 4E 6C
send_response:3370:Footer: FF
qtk_uart_client_trsn_run:1408:--------------->>>>>>>>>>>>>first_to_secendTime= 391.35
RESP_STATE_DATA_LENGTH:date_len : 1
data_index : 1
RESP_STATE_DATA:date_len : 1
Received Checksum: 4F 90
qtk_uart_client_trsn_run:1501:----------------------now_delay = 0.12
handle_uart_frame:1704:Received event_code: 0x011C
handle_uart_frame:1705:-------=========================================---->>>>>
handle_uart_frame:2910:------------------_>>>>>>now_start_to_deal = 0.17,0.02
send_response:3308:------------------------------>>>>>>>>>>>>>
send_response:3350:------------------------------>>>>>>>>>>>>>
qtk_uart_write2:414:step=4096
send_response:3355:Send log frame: len=10
send_response:3356:Header: 90 40
send_response:3357:Event: 01 1C
send_response:3358:Length: 01 00 (1 bytes)
send_response:3362:value: 0x00
send_response:3369:CRC: 4F 90
send_response:3370:Footer: FF
handle_uart_frame:2936:---------------------------------->>>>>>>>>isnot_spk_count = 32
qtk_uart_client_trsn_run:1408:--------------->>>>>>>>>>>>>first_to_secendTime= 332.86
RESP_STATE_DATA_LENGTH:date_len : 1
data_index : 1
RESP_STATE_DATA:date_len : 1
Received Checksum: 4F D4
qtk_uart_client_trsn_run:1501:----------------------now_delay = 0.12
handle_uart_frame:1704:Received event_code: 0x011F
handle_uart_frame:1705:-------=========================================---->>>>>
handle_uart_frame:3062:------------------_>>>>>>now_start_to_deal = 0.16,0.02
qtk_uart_client_isRunning:1637:=========================>>>>>>>>>>>>>>>>>>>>
qtk_uart_client_isRunning:1659:=========================>>>>>>>>>>>>>>>>>>>>
qtk_uart_client_isRunning:1661:=========================>>>>>>>>>>>>>>>>>>>>count=4
handle_uart_frame:3070:--------------SET_LINEOUTPATTERN=0
handle_uart_frame:3072:------------------_>>>>>>>now_delay = 42.16,42.02
qtk_proc_write:730:input>[SET_LINEOUTPATTERN0]
qtk_proc_write:739:====>>>>qtk_proc_write end once=0
handle_uart_frame:3077:------------------_>>>>>>>now_delay = 42.23,42.09
handle_uart_frame:3085:------------------_>>>>>>>now_delay = 42.24,42.10
handle_uart_frame:3087:----------------------now_delay = 142.37
send_response:3308:------------------------------>>>>>>>>>>>>>
send_response:3350:------------------------------>>>>>>>>>>>>>
qtk_uart_write2:414:step=4096
send_response:3355:Send log frame: len=10
send_response:3356:Header: 90 40
send_response:3357:Event: 01 1F
send_response:3358:Length: 01 00 (1 bytes)
send_response:3362:value: 0x00
send_response:3369:CRC: 4F D4
send_response:3370:Footer: FF
handle_uart_frame:3089:------------------_>>>>>>>finish_send_response = 143.85,143.71
handle_uart_frame:3090:---------------------------------->>>>>>>>>isnot_spk_count = 33
qtk_uart_client_trsn_run:1408:--------------->>>>>>>>>>>>>first_to_secendTime= 464.61
RESP_STATE_DATA_LENGTH:date_len : 1
data_index : 1
RESP_STATE_DATA:date_len : 1
Received Checksum: 4E 28
qtk_uart_client_trsn_run:1501:----------------------now_delay = 0.17
handle_uart_frame:1704:Received event_code: 0x011E
handle_uart_frame:1705:-------=========================================---->>>>>
handle_uart_frame:3050:------------------_>>>>>>now_start_to_deal = 0.23,0.03
send_response:3308:------------------------------>>>>>>>>>>>>>
send_response:3350:------------------------------>>>>>>>>>>>>>
qtk_uart_write2:414:step=4096
send_response:3355:Send log frame: len=10
send_response:3356:Header: 90 40
send_response:3357:Event: 01 1E
send_response:3358:Length: 01 00 (1 bytes)
send_response:3362:value: 0x00
send_response:3369:CRC: 4E 28
send_response:3370:Footer: FF
handle_uart_frame:3053:------------------_>>>>>>>finish_send_response = 1.56,1.36
handle_uart_frame:3054:---------------------------------->>>>>>>>>isnot_spk_count = 33
qtk_uart_client_trsn_run:1408:--------------->>>>>>>>>>>>>first_to_secendTime= 332.72
RESP_STATE_DATA_LENGTH:date_len : 5
data_index : 1
data_index : 2
data_index : 3
data_index : 4
data_index : 5
RESP_STATE_DATA:date_len : 5
Received Checksum: 2F E0
qtk_uart_client_trsn_run:1501:----------------------now_delay = 0.47
handle_uart_frame:1704:Received event_code: 0x010F
handle_uart_frame:1705:-------=========================================---->>>>>
handle_uart_frame:2588:------------------_>>>>>>now_start_to_deal = 0.59,0.03
qtk_uart_client_isRunning:1637:=========================>>>>>>>>>>>>>>>>>>>>
qtk_uart_client_isRunning:1659:=========================>>>>>>>>>>>>>>>>>>>>
qtk_uart_client_isRunning:1661:=========================>>>>>>>>>>>>>>>>>>>>count=4
handle_uart_frame:2593:------------------_>>>>>>>now_delay = 43.588000
handle_uart_frame:2600:+========>>>>>>s=517 pc=U
handle_uart_frame:2605:------------------_>>>>>>>now_delay = 44.51,43.95
handle_uart_frame:2609:------------------_>>>>>>>now_delay = 44.023000
qtk_proc_write:730:input>[ENABLE_LINEIN_MIC]
qtk_proc_write:739:====>>>>qtk_proc_write end once=0
handle_uart_frame:2652:------------------_>>>>>>>now_delay = 44.068000
send_response:3308:------------------------------>>>>>>>>>>>>>
send_response:3350:------------------------------>>>>>>>>>>>>>
qtk_uart_write2:414:step=4096
send_response:3355:Send log frame: len=10
send_response:3356:Header: 90 40
send_response:3357:Event: 01 0F
send_response:3358:Length: 01 00 (1 bytes)
send_response:3362:value: 0x00
send_response:3369:CRC: 4B 14
send_response:3370:Footer: FF
handle_uart_frame:2654:------------------_>>>>>>>finish_send_response = 45.97,45.42
handle_uart_frame:2655:---------------------------------->>>>>>>>>isnot_spk_count = 34
qtk_uart_client_trsn_run:1408:--------------->>>>>>>>>>>>>first_to_secendTime= 365.16
RESP_STATE_DATA_LENGTH:date_len : 4
data_index : 1
data_index : 2
data_index : 3
data_index : 4
RESP_STATE_DATA:date_len : 4
Received Checksum: A2 7F
qtk_uart_client_trsn_run:1501:----------------------now_delay = 0.16
handle_uart_frame:1704:Received event_code: 0x0102
handle_uart_frame:1705:-------=========================================---->>>>>
handle_uart_frame:1802:------------------------resp = 0
send_response:3308:------------------------------>>>>>>>>>>>>>
send_response:3350:------------------------------>>>>>>>>>>>>>
qtk_uart_write2:414:step=4096
send_response:3355:Send log frame: len=10
send_response:3356:Header: 90 40
send_response:3357:Event: 01 02
send_response:3358:Length: 01 00 (1 bytes)
send_response:3362:value: 0x00
send_response:3369:CRC: 49 B8
send_response:3370:Footer: FF
handle_uart_frame:1821:---------------------------------->>>>>>>>>isnot_spk_count = 34
qtk_uart_write2:414:step=4096
qtk_uart_client_trsn_run:1408:--------------->>>>>>>>>>>>>first_to_secendTime= 330.04
RESP_STATE_DATA_LENGTH:date_len : 0
Received Checksum: 21 DA
qtk_uart_client_trsn_run:1501:----------------------now_delay = 0.10
handle_uart_frame:1704:Received event_code: 0x010A
handle_uart_frame:1705:-------=========================================---->>>>>
handle_uart_frame:2256:------------------_>>>>>>now_start_to_deal = 0.29,0.03
qtk_uart_client_isRunning:1637:=========================>>>>>>>>>>>>>>>>>>>>
qtk_uart_client_isRunning:1659:=========================>>>>>>>>>>>>>>>>>>>>
qtk_uart_client_isRunning:1661:=========================>>>>>>>>>>>>>>>>>>>>count=4
qtk_proc_write:730:input>[INPUT_INFOR]
qtk_proc_write:739:====>>>>qtk_proc_write end once=0
qtk_uart_write2:414:step=4096
qtk_uart_write2:414:step=4096
handle_uart_frame:2300:---------------------------------->>>>>>>>>isnot_spk_count = 35
qtk_uart_client_trsn_run:1408:--------------->>>>>>>>>>>>>first_to_secendTime= 4880.02
RESP_STATE_DATA_LENGTH:date_len : 5
data_index : 1
data_index : 2
data_index : 3
data_index : 4
data_index : 5
RESP_STATE_DATA:date_len : 5
Received Checksum: AE 35
qtk_uart_client_trsn_run:1501:----------------------now_delay = 0.19
handle_uart_frame:1704:Received event_code: 0x010C
handle_uart_frame:1705:-------=========================================---->>>>>
handle_uart_frame:2364:------------------_>>>>>>now_start_to_deal = 0.29,0.03
handle_uart_frame:2366:------------------_>>>>>>>now_delay = 0.30,0.05
qtk_uart_client_isRunning:1637:=========================>>>>>>>>>>>>>>>>>>>>
qtk_uart_client_isRunning:1659:=========================>>>>>>>>>>>>>>>>>>>>
qtk_uart_client_isRunning:1661:=========================>>>>>>>>>>>>>>>>>>>>count=4
handle_uart_frame:2397:------------------_>>>>>>>now_delay = 36.88,36.63
handle_uart_frame:2403:+========>>>>>>s=361 pc=V
handle_uart_frame:2408:------------------_>>>>>>>now_delay = 37.08,36.82
qtk_proc_write:730:input>[ENABLE_MIC]
qtk_proc_write:739:====>>>>qtk_proc_write end once=0
handle_uart_frame:2422:------------------_>>>>>>>now_delay = 37.12,36.87
send_response:3308:------------------------------>>>>>>>>>>>>>
send_response:3350:------------------------------>>>>>>>>>>>>>
qtk_uart_write2:414:step=4096
send_response:3355:Send log frame: len=10
send_response:3356:Header: 90 40
send_response:3357:Event: 01 0C
send_response:3358:Length: 01 00 (1 bytes)
send_response:3362:value: 0x00
send_response:3369:CRC: 4B 50
send_response:3370:Footer: FF
handle_uart_frame:2424:------------------_>>>>>>>finish_send_response = 38.42,38.16
handle_uart_frame:2431:------------------_>>>>>>>now_delay = 45.74,45.49
handle_uart_frame:2433:---------------------------------->>>>>>>>>isnot_spk_count = 36
qtk_uart_client_trsn_run:1408:--------------->>>>>>>>>>>>>first_to_secendTime= 45.90
RESP_STATE_DATA_LENGTH:date_len : 5
data_index : 1
data_index : 2
data_index : 3
data_index : 4
data_index : 5
RESP_STATE_DATA:date_len : 5
Received Checksum: 16 39
qtk_uart_client_trsn_run:1501:----------------------now_delay = 0.16
handle_uart_frame:1704:Received event_code: 0x010D
handle_uart_frame:1705:-------=========================================---->>>>>
handle_uart_frame:2444:------------------_>>>>>>now_start_to_deal = 0.24,0.06
qtk_uart_client_isRunning:1637:=========================>>>>>>>>>>>>>>>>>>>>
qtk_uart_client_isRunning:1659:=========================>>>>>>>>>>>>>>>>>>>>
qtk_uart_client_isRunning:1661:=========================>>>>>>>>>>>>>>>>>>>>count=4
handle_uart_frame:2479:+========>>>>>>s=429 pc=V
handle_uart_frame:2488:------------------_>>>>>>>now_delay = 33.55,33.37
qtk_proc_write:730:input>[ENABLE_SPK]
qtk_proc_write:739:====>>>>qtk_proc_write end once=0
handle_uart_frame:2491:------------------_>>>>>>>now_delay = 33.61,33.43
handle_uart_frame:2498:------------------_>>>>>>>now_delay = 33.63,33.45
send_response:3308:------------------------------>>>>>>>>>>>>>
send_response:3350:------------------------------>>>>>>>>>>>>>
qtk_uart_write2:414:step=4096
send_response:3355:Send log frame: len=10
send_response:3356:Header: 90 40
send_response:3357:Event: 01 0D
send_response:3358:Length: 01 00 (1 bytes)
send_response:3362:value: 0x00
send_response:3369:CRC: 4A AC
send_response:3370:Footer: FF
handle_uart_frame:2500:------------------_>>>>>>>finish_send_response = 35.12,34.95
handle_uart_frame:2500:------------------_>>>>>>>now_delay = 35.15,34.97
handle_uart_frame:2508:------------------_>>>>>>>now_delay = 38.48,38.30
handle_uart_frame:2511:---------------------------------->>>>>>>>>isnot_spk_count = 38
send_audio_status_frame:312:-------------------------------->>>>>>
send_audio_status_frame:318:-------------------------------->>>>>>
send_audio_status_frame:326:-------------------------------->>>>>>
send_audio_status_frame:396:-------------------------------->>>>>>
send_response:3308:------------------------------>>>>>>>>>>>>>
send_response:3350:------------------------------>>>>>>>>>>>>>
qtk_uart_write2:414:step=4096
send_response:3355:Send log frame: len=147
send_response:3356:Header: 90 40
send_response:3357:Event: 01 16
send_response:3358:Length: 8A 00 (138 bytes)
send_response:3369:CRC: 3A 72
send_response:3370:Footer: FF
send_audio_status_frame:399:-------------------------------->>>>>>
send_audio_status_frame:401:-------------------------------->>>>>>
qtk_uart_client_trsn_run:1408:--------------->>>>>>>>>>>>>first_to_secendTime= 42.36
RESP_STATE_DATA_LENGTH:date_len : 5
data_index : 1
data_index : 2
data_index : 3
data_index : 4
data_index : 5
RESP_STATE_DATA:date_len : 5
Received Checksum: 56 2C
qtk_uart_client_trsn_run:1501:----------------------now_delay = 0.15
handle_uart_frame:1704:Received event_code: 0x010E
handle_uart_frame:1705:-------=========================================---->>>>>
handle_uart_frame:2522:------------------_>>>>>>now_start_to_deal = 0.18,0.02
qtk_uart_client_isRunning:1637:=========================>>>>>>>>>>>>>>>>>>>>
qtk_uart_client_isRunning:1659:=========================>>>>>>>>>>>>>>>>>>>>
qtk_uart_client_isRunning:1661:=========================>>>>>>>>>>>>>>>>>>>>count=4
handle_uart_frame:2555:+========>>>>>>s=483 pc=V
handle_uart_frame:2560:------------------_>>>>>>>now_delay = 30.92,30.76
handle_uart_frame:2565:------------------------->>>>>>>>>>>>>>>>>
qtk_proc_write:730:input>[ENABLE_LINEIN_KWS]
qtk_proc_write:739:====>>>>qtk_proc_write end once=0
handle_uart_frame:2573:------------------_>>>>>>>now_delay = 30.863000
send_response:3308:------------------------------>>>>>>>>>>>>>
send_response:3350:------------------------------>>>>>>>>>>>>>
qtk_uart_write2:414:step=4096
send_response:3355:Send log frame: len=10
send_response:3356:Header: 90 40
send_response:3357:Event: 01 0E
send_response:3358:Length: 01 00 (1 bytes)
send_response:3362:value: 0x00
send_response:3369:CRC: 4A E8
send_response:3370:Footer: FF
handle_uart_frame:2575:------------------_>>>>>>>finish_send_response = 32.26,32.10
handle_uart_frame:2576:------------------_>>>>>>>now_delay = 32.134000
handle_uart_frame:2580:---------------------------------->>>>>>>>>isnot_spk_count = 39
qtk_uart_client_trsn_run:1408:--------------->>>>>>>>>>>>>first_to_secendTime= 32.36
RESP_STATE_DATA_LENGTH:date_len : 1
data_index : 1
RESP_STATE_DATA:date_len : 1
Received Checksum: 4E A0
qtk_uart_client_trsn_run:1501:----------------------now_delay = 0.12
handle_uart_frame:1704:Received event_code: 0x0118
handle_uart_frame:1705:-------=========================================---->>>>>
handle_uart_frame:2862:------------------_>>>>>>now_start_to_deal = 0.18,0.02
qtk_uart_client_isRunning:1637:=========================>>>>>>>>>>>>>>>>>>>>
qtk_uart_client_isRunning:1659:=========================>>>>>>>>>>>>>>>>>>>>
qtk_uart_client_isRunning:1661:=========================>>>>>>>>>>>>>>>>>>>>count=4
handle_uart_frame:2865:------------------_>>>>>>>now_delay = 32.25,32.09
handle_uart_frame:2869:------------------_>>>>>>>now_delay = 32.36,32.20
handle_uart_frame:2872:-----------------frame->data[1]:0
handle_uart_frame:2873:------------------_>>>>>>>now_delay = 32.39,32.24
qtk_proc_write:730:input>[SPEAKER_CONRTOL00]
qtk_proc_write:739:====>>>>qtk_proc_write end once=0
handle_uart_frame:2876:------------------_>>>>>>>now_delay = 32.44,32.28
handle_uart_frame:2881:------------------_>>>>>>>now_delay = 32.45,32.30
send_response:3308:------------------------------>>>>>>>>>>>>>
send_response:3350:------------------------------>>>>>>>>>>>>>
qtk_uart_write2:414:step=4096
send_response:3355:Send log frame: len=10
send_response:3356:Header: 90 40
send_response:3357:Event: 01 18
send_response:3358:Length: 01 00 (1 bytes)
send_response:3362:value: 0x00
send_response:3369:CRC: 4E A0
send_response:3370:Footer: FF
handle_uart_frame:2883:------------------_>>>>>>>finish_send_response = 33.86,33.70
handle_uart_frame:2884:----------------------------->>>>>>>isnot_spk_count=40
qtk_uart_client_trsn_run:1408:--------------->>>>>>>>>>>>>first_to_secendTime= 33.95
RESP_STATE_DATA_LENGTH:date_len : 4
data_index : 1
data_index : 2
data_index : 3
data_index : 4
RESP_STATE_DATA:date_len : 4
Received Checksum: 3A 7E
qtk_uart_client_trsn_run:1501:----------------------now_delay = 0.16
handle_uart_frame:1704:Received event_code: 0x011A
handle_uart_frame:1705:-------=========================================---->>>>>
send_response:3308:------------------------------>>>>>>>>>>>>>
send_response:3350:------------------------------>>>>>>>>>>>>>
qtk_uart_write2:414:step=4096
send_response:3355:Send log frame: len=10
send_response:3356:Header: 90 40
send_response:3357:Event: 01 1A
send_response:3358:Length: 01 00 (1 bytes)
send_response:3362:value: 0x00
send_response:3369:CRC: 4F 18
send_response:3370:Footer: FF
qtk_uart_client_trsn_run:1408:--------------->>>>>>>>>>>>>first_to_secendTime= 1.53
RESP_STATE_DATA_LENGTH:date_len : 4
data_index : 1
data_index : 2
data_index : 3
data_index : 4
RESP_STATE_DATA:date_len : 4
Received Checksum: 90 C7
qtk_uart_client_trsn_run:1501:----------------------now_delay = 0.13
handle_uart_frame:1704:Received event_code: 0x0101
handle_uart_frame:1705:-------=========================================---->>>>>
send_response:3308:------------------------------>>>>>>>>>>>>>
send_response:3350:------------------------------>>>>>>>>>>>>>
qtk_uart_write2:414:step=4096
send_response:3355:Send log frame: len=10
send_response:3356:Header: 90 40
send_response:3357:Event: 01 01
send_response:3358:Length: 01 00 (1 bytes)
send_response:3362:value: 0x00
send_response:3369:CRC: 49 FC
send_response:3370:Footer: FF
handle_uart_frame:1764:------------------_>>>>>>>finish_send_response = 1.66,1.51
handle_uart_frame:1769:---------------------------------->>>>>>>>>isnot_spk_count = 40
qtk_uart_client_trsn_run:1408:--------------->>>>>>>>>>>>>first_to_secendTime= 330.01
RESP_STATE_DATA_LENGTH:date_len : 110
data_index : 1
data_index : 2
data_index : 3
data_index : 4
data_index : 5
data_index : 6
data_index : 7
data_index : 8
data_index : 9
data_index : 10
data_index : 11
data_index : 12
data_index : 13
data_index : 14
data_index : 15
data_index : 16
data_index : 17
data_index : 18
data_index : 19
data_index : 20
data_index : 21
data_index : 22
data_index : 23
data_index : 24
data_index : 25
data_index : 26
data_index : 27
data_index : 28
data_index : 29
data_index : 30
data_index : 31
data_index : 32
data_index : 33
data_index : 34
data_index : 35
data_index : 36
data_index : 37
data_index : 38
data_index : 39
data_index : 40
data_index : 41
data_index : 42
data_index : 43
data_index : 44
data_index : 45
data_index : 46
data_index : 47
data_index : 48
data_index : 49
data_index : 50
data_index : 51
data_index : 52
data_index : 53
data_index : 54
data_index : 55
data_index : 56
data_index : 57
data_index : 58
data_index : 59
data_index : 60
data_index : 61
data_index : 62
data_index : 63
data_index : 64
data_index : 65
data_index : 66
data_index : 67
data_index : 68
data_index : 69
data_index : 70
data_index : 71
data_index : 72
data_index : 73
data_index : 74
data_index : 75
data_index : 76
data_index : 77
data_index : 78
data_index : 79
data_index : 80
data_index : 81
data_index : 82
data_index : 83
data_index : 84
data_index : 85
data_index : 86
data_index : 87
data_index : 88
data_index : 89
data_index : 90
data_index : 91
data_index : 92
data_index : 93
data_index : 94
data_index : 95
data_index : 96
data_index : 97
data_index : 98
data_index : 99
data_index : 100
data_index : 101
data_index : 102
data_index : 103
data_index : 104
data_index : 105
data_index : 106
data_index : 107
data_index : 108
data_index : 109
data_index : 110
RESP_STATE_DATA:date_len : 110
Received Checksum: CD 31
qtk_uart_client_trsn_run:1501:----------------------now_delay = 1.52
handle_uart_frame:1704:Received event_code: 0x0103
handle_uart_frame:1705:-------=========================================---->>>>>
handle_uart_frame:1832:[EQ][0103] === Start EQ output setting ===
handle_uart_frame:1835:[EQ][0103] Step 1: Checking payload validity...
handle_uart_frame:1842:[EQ][0103] Payload check passed
handle_uart_frame:1845:[EQ][0103] Step 2: Sanitizing payload...
handle_uart_frame:1855:[EQ][0103] Payload sanitized. Length = 106
handle_uart_frame:1858:[EQ][0103] Step 3: Saving to file /oem/qdreamer/qsound/eq.json...
handle_uart_frame:1865:[EQ][0103] File saved successfully
handle_uart_frame:1868:[EQ][0103] Step 4: Applying EQ settings in current thread...
apply_eq_from_json_text_wtk:196:[EQ][apply] main write code=0x01 ret=0 (freq=200.0, B=0, L=1)
apply_eq_from_json_text_wtk:207:[EQ][apply] bass write code=0x01 ret=0 (freq=200.0)
apply_eq_from_json_text_wtk:196:[EQ][apply] main write code=0x14 ret=0 (freq=2000.0, B=1, L=4)
apply_eq_from_json_text_wtk:196:[EQ][apply] main write code=0x20 ret=0 (freq=6000.0, B=2, L=0)
apply_eq_from_json_text_wtk:219:[EQ][apply] summary: total=3, wrote_main=3, wrote_bass=1
handle_uart_frame:1876:[EQ][0103] EQ applied successfully
handle_uart_frame:1879:[EQ][0103] Step 5: Sending success response...
send_response:3308:------------------------------>>>>>>>>>>>>>
send_response:3350:------------------------------>>>>>>>>>>>>>
qtk_uart_write2:414:step=4096
send_response:3355:Send log frame: len=10
send_response:3356:Header: 90 40
send_response:3357:Event: 01 03
send_response:3358:Length: 01 00 (1 bytes)
send_response:3362:value: 0x00
send_response:3369:CRC: 48 44
send_response:3370:Footer: FF
handle_uart_frame:1883:[EQ][0103] === End EQ output setting ===
qtk_uart_client_trsn_run:1408:--------------->>>>>>>>>>>>>first_to_secendTime= 392.11
RESP_STATE_DATA_LENGTH:date_len : 0
Received Checksum: 70 1A
qtk_uart_client_trsn_run:1501:----------------------now_delay = 0.11
handle_uart_frame:1704:Received event_code: 0x010B
handle_uart_frame:1705:-------=========================================---->>>>>
handle_uart_frame:2308:------------------_>>>>>>now_start_to_deal = 0.15,0.03
qtk_uart_client_isRunning:1637:=========================>>>>>>>>>>>>>>>>>>>>
qtk_uart_client_isRunning:1659:=========================>>>>>>>>>>>>>>>>>>>>
qtk_uart_client_isRunning:1661:=========================>>>>>>>>>>>>>>>>>>>>count=4
qtk_proc_write:730:input>[OUTPUT_INFOR]
qtk_proc_write:739:====>>>>qtk_proc_write end once=0
handle_uart_frame:2322:------------------_>>>>>>>now_delay = 34.12,34.00
handle_uart_frame:2324:------------------_>>>>>>>now_delay = 34.16,34.04
handle_uart_frame:2355:---------------------------------->>>>>>>>>isnot_spk_count = 41
qtk_uart_client_trsn_run:1408:--------------->>>>>>>>>>>>>first_to_secendTime= 4121.55
RESP_STATE_DATA_LENGTH:date_len : 1
data_index : 1
RESP_STATE_DATA:date_len : 1
Received Checksum: 89 0C
qtk_uart_client_trsn_run:1501:----------------------now_delay = 0.13
handle_uart_frame:1704:Received event_code: 0x0105
handle_uart_frame:1705:-------=========================================---->>>>>
handle_uart_frame:1890:------------------_>>>>>>now_start_to_deal = 0.18,0.03
handle_uart_frame:1931:================fread=[use_uart=1;
uart={
	dev=/dev/ttyS4; #串口节点
	baude=115200;#波特率
	c_flow=0;#流控(0 不使用| 1 硬件流控| 2 软件流控)
	bits=8; #数据位(5,6,7,8)
	parity=0;#校验位(0 不使用| 1 奇校验 | 2 偶检验)
	stop=1;#停止位(1 1停止位| 2 2停止位)
	step_size=4096;#每1ms 发送的字节数
};

VBOX3_ANS=0;
VBOX3_AGC=1;
VBOX3_AEC=0;
VBOX3_MIC=1;                                                       
VBOX3_SPK=1;                                         
VBOX3_LINEIN=1;
USE_LINEIN_SPK=0;
USE_LINEIN_MIC=1;
vbox3_aec_level=1;
vbox3_agc_level=0;
vbox3_anc_level=0;
mic_shift2=2.46;]
handle_uart_frame:1939:+========>>>>>>s=322 pc=V
qtk_uart_client_isRunning:1637:=========================>>>>>>>>>>>>>>>>>>>>
qtk_uart_client_isRunning:1659:=========================>>>>>>>>>>>>>>>>>>>>
qtk_uart_client_isRunning:1661:=========================>>>>>>>>>>>>>>>>>>>>count=4
qtk_proc_write:730:input>[SET_MICANC_ON]
qtk_proc_write:739:====>>>>qtk_proc_write end once=0
send_response:3308:------------------------------>>>>>>>>>>>>>
send_response:3350:------------------------------>>>>>>>>>>>>>
qtk_uart_write2:414:step=4096
send_response:3355:Send log frame: len=10
send_response:3356:Header: 90 40
send_response:3357:Event: 01 05
send_response:3358:Length: 01 00 (1 bytes)
send_response:3362:value: 0x00
send_response:3369:CRC: 48 CC
send_response:3370:Footer: FF
handle_uart_frame:1962:------------------_>>>>>>>finish_send_response = 36.36,36.21
handle_uart_frame:1970:------------------_>>>>>>>now_delay = 43.89,43.74
handle_uart_frame:1971:---------------------------------->>>>>>>>>isnot_spk_count = 42
qtk_uart_client_trsn_run:1408:--------------->>>>>>>>>>>>>first_to_secendTime= 44.09
RESP_STATE_DATA_LENGTH:date_len : 1
data_index : 1
RESP_STATE_DATA:date_len : 1
Received Checksum: 88 B4
qtk_uart_client_trsn_run:1501:----------------------now_delay = 0.11
handle_uart_frame:1704:Received event_code: 0x0107
handle_uart_frame:1705:-------=========================================---->>>>>
handle_uart_frame:2003:------------------_>>>>>>now_start_to_deal = 0.15,0.02
handle_uart_frame:2045:------------------_>>>>>>>now_delay = 0.24,0.11
handle_uart_frame:2049:------------------_>>>>>>>now_delay = 0.34,0.21
handle_uart_frame:2053:------------------_>>>>>>>now_delay = 0.36,0.23
handle_uart_frame:2058:+========>>>>>>s=335 pc=V
handle_uart_frame:2060:------------------_>>>>>>>now_delay = 0.46,0.33
qtk_uart_client_isRunning:1637:=========================>>>>>>>>>>>>>>>>>>>>
qtk_uart_client_isRunning:1659:=========================>>>>>>>>>>>>>>>>>>>>
qtk_uart_client_isRunning:1661:=========================>>>>>>>>>>>>>>>>>>>>count=4
qtk_proc_write:730:input>[SET_MICAGC_ON]
qtk_proc_write:739:====>>>>qtk_proc_write end once=0
handle_uart_frame:2080:------------------_>>>>>>>now_delay = 34.92,34.79
send_response:3308:------------------------------>>>>>>>>>>>>>
send_response:3350:------------------------------>>>>>>>>>>>>>
qtk_uart_write2:414:step=4096
send_response:3355:Send log frame: len=10
send_response:3356:Header: 90 40
send_response:3357:Event: 01 07
send_response:3358:Length: 01 00 (1 bytes)
send_response:3362:value: 0x00
send_response:3369:CRC: 49 74
send_response:3370:Footer: FF
handle_uart_frame:2082:------------------_>>>>>>>finish_send_response = 36.27,36.14
handle_uart_frame:2092:------------------_>>>>>>>now_delay = 39.82,39.70
handle_uart_frame:2093:---------------------------------->>>>>>>>>isnot_spk_count = 43
qtk_uart_client_trsn_run:1408:--------------->>>>>>>>>>>>>first_to_secendTime= 39.98
RESP_STATE_DATA_LENGTH:date_len : 1
data_index : 1
RESP_STATE_DATA:date_len : 1
Received Checksum: 4B 9C
qtk_uart_client_trsn_run:1501:----------------------now_delay = 0.12
handle_uart_frame:1704:Received event_code: 0x0109
handle_uart_frame:1705:-------=========================================---->>>>>
handle_uart_frame:2125:------------------_>>>>>>now_start_to_deal = 0.17,0.02
handle_uart_frame:2129:------------------_>>>>>>>now_delay = 0.24,0.09
handle_uart_frame:2132:================fread=[use_uart=1;
uart={
	dev=/dev/ttyS4; #串口节点
	baude=115200;#波特率
	c_flow=0;#流控(0 不使用| 1 硬件流控| 2 软件流控)
	bits=8; #数据位(5,6,7,8)
	parity=0;#校验位(0 不使用| 1 奇校验 | 2 偶检验)
	stop=1;#停止位(1 1停止位| 2 2停止位)
	step_size=4096;#每1ms 发送的字节数
};

VBOX3_ANS=1;
VBOX3_AGC=1;
VBOX3_AEC=0;
VBOX3_MIC=1;                                                       
VBOX3_SPK=1;                                         
VBOX3_LINEIN=1;
USE_LINEIN_SPK=0;
USE_LINEIN_MIC=1;
vbox3_aec_level=1;
vbox3_agc_level=0;
vbox3_anc_level=0;
mic_shift2=2.46;]
handle_uart_frame:2133:------------------_>>>>>>>now_delay = 0.40,0.25
handle_uart_frame:2140:+========>>>>>>s=348 pc=V
handle_uart_frame:2142:------------------_>>>>>>>now_delay = 0.45,0.31
handle_uart_frame:2144:------------------_>>>>>>>now_delay = 0.46,0.32
qtk_uart_client_isRunning:1637:=========================>>>>>>>>>>>>>>>>>>>>
qtk_uart_client_isRunning:1659:=========================>>>>>>>>>>>>>>>>>>>>
qtk_uart_client_isRunning:1661:=========================>>>>>>>>>>>>>>>>>>>>count=4
qtk_proc_write:730:input>[SET_MICAEC_OFF]
qtk_proc_write:739:====>>>>qtk_proc_write end once=0
handle_uart_frame:2158:------------------_>>>>>>>now_delay = 29.71,29.57
handle_uart_frame:2208:------------------_>>>>>>>now_delay = 29.74,29.60
send_response:3308:------------------------------>>>>>>>>>>>>>
send_response:3350:------------------------------>>>>>>>>>>>>>
qtk_uart_write2:414:step=4096
send_response:3355:Send log frame: len=10
send_response:3356:Header: 90 40
send_response:3357:Event: 01 09
send_response:3358:Length: 01 00 (1 bytes)
send_response:3362:value: 0x00
send_response:3369:CRC: 4B 9C
send_response:3370:Footer: FF
handle_uart_frame:2210:------------------_>>>>>>>finish_send_response = 31.03,30.89
handle_uart_frame:2220:------------------_>>>>>>>now_delay = 34.05,33.91
handle_uart_frame:2221:---------------------------------->>>>>>>>>isnot_spk_count = 44
qtk_uart_client_trsn_run:1408:--------------->>>>>>>>>>>>>first_to_secendTime= 34.17
RESP_STATE_DATA_LENGTH:date_len : 5
data_index : 1
data_index : 2
data_index : 3
data_index : 4
data_index : 5
RESP_STATE_DATA:date_len : 5
Received Checksum: 2E A1
qtk_uart_client_trsn_run:1501:----------------------now_delay = 0.15
handle_uart_frame:1704:Received event_code: 0x0112
handle_uart_frame:1705:-------=========================================---->>>>>
handle_uart_frame:2734:------------------_>>>>>>now_start_to_deal = 0.18,0.02
qtk_uart_client_isRunning:1637:=========================>>>>>>>>>>>>>>>>>>>>
qtk_uart_client_isRunning:1659:=========================>>>>>>>>>>>>>>>>>>>>
qtk_uart_client_isRunning:1661:=========================>>>>>>>>>>>>>>>>>>>>count=4
handle_uart_frame:2743:--------------SET_MICVOLUME==49
qtk_proc_write:730:input>[SET_MICVOLUME49]
qtk_proc_write:739:====>>>>qtk_proc_write end once=0
handle_uart_frame:2755:------------------_>>>>>>>now_delay = 32.17,32.01
send_response:3308:------------------------------>>>>>>>>>>>>>
send_response:3350:------------------------------>>>>>>>>>>>>>
qtk_uart_write2:414:step=4096
send_response:3355:Send log frame: len=10
send_response:3356:Header: 90 40
send_response:3357:Event: 01 12
send_response:3358:Length: 01 00 (1 bytes)
send_response:3362:value: 0x00
send_response:3369:CRC: 4D 78
send_response:3370:Footer: FF
handle_uart_frame:2757:------------------_>>>>>>>finish_send_response = 33.53,33.37
handle_uart_frame:2758:---------------------------------->>>>>>>>>isnot_spk_count = 45
qtk_uart_client_trsn_run:1408:--------------->>>>>>>>>>>>>first_to_secendTime= 362.18
RESP_STATE_DATA_LENGTH:date_len : 4
data_index : 1
data_index : 2
data_index : 3
data_index : 4
RESP_STATE_DATA:date_len : 4
Received Checksum: 90 7E
qtk_uart_client_trsn_run:1501:----------------------now_delay = 0.18
handle_uart_frame:1704:Received event_code: 0x0110
handle_uart_frame:1705:-------=========================================---->>>>>
handle_uart_frame:2717:------------------_>>>>>>now_start_to_deal = 0.23,0.02
handle_uart_frame:2721:------------------_>>>>>>>now_delay = 0.24,0.04
handle_uart_frame:2722:MIC volume_value: 0x31
handle_uart_frame:2723:------------------_>>>>>>>now_delay = 0.26,0.06
send_response:3308:------------------------------>>>>>>>>>>>>>
send_response:3350:------------------------------>>>>>>>>>>>>>
qtk_uart_write2:414:step=4096
send_response:3355:Send log frame: len=10
send_response:3356:Header: 90 40
send_response:3357:Event: 01 10
send_response:3358:Length: 01 00 (1 bytes)
send_response:3362:value: 0x31
send_response:3369:CRC: 8D 14
send_response:3370:Footer: FF
handle_uart_frame:2725:------------------_>>>>>>>finish_send_response = 1.53,1.33
handle_uart_frame:2726:---------------------------------->>>>>>>>>isnot_spk_count = 46
qtk_uart_client_trsn_run:1408:--------------->>>>>>>>>>>>>first_to_secendTime= 342.72
RESP_STATE_DATA_LENGTH:date_len : 5
data_index : 1
data_index : 2
data_index : 3
data_index : 4
data_index : 5
RESP_STATE_DATA:date_len : 5
Received Checksum: 56 AE
qtk_uart_client_trsn_run:1501:----------------------now_delay = 0.18
handle_uart_frame:1704:Received event_code: 0x0113
handle_uart_frame:1705:-------=========================================---->>>>>
handle_uart_frame:2791:------------------>>>>>>52
handle_uart_frame:2799:------->echo 52 > /sys/bus/i2c/devices/3-006d/volume
handle_uart_frame:2807:------->echo 52 > /sys/bus/i2c/devices/3-0069/volume
send_response:3308:------------------------------>>>>>>>>>>>>>
send_response:3350:------------------------------>>>>>>>>>>>>>
qtk_uart_write2:414:step=4096
send_response:3355:Send log frame: len=10
send_response:3356:Header: 90 40
send_response:3357:Event: 01 13
send_response:3358:Length: 01 00 (1 bytes)
send_response:3362:value: 0x00
send_response:3369:CRC: 4C 84
send_response:3370:Footer: FF
handle_uart_frame:2809:------------------_>>>>>>>finish_send_response = 5.22,5.00
qtk_uart_client_trsn_run:1408:--------------->>>>>>>>>>>>>first_to_secendTime= 334.86
RESP_STATE_DATA_LENGTH:date_len : 4
data_index : 1
data_index : 2
data_index : 3
data_index : 4
RESP_STATE_DATA:date_len : 4
Received Checksum: 81 06
qtk_uart_client_trsn_run:1501:----------------------now_delay = 0.19
handle_uart_frame:1704:Received event_code: 0x0111
handle_uart_frame:1705:-------=========================================---->>>>>
handle_uart_frame:2769:------------------_>>>>>>now_start_to_deal = 0.24,0.03
handle_uart_frame:2774:------------------_>>>>>>>now_delay = 0.26,0.05
handle_uart_frame:2776:The value is: 52
handle_uart_frame:2780:------------------_>>>>>>>now_delay = 3.92,3.71
send_response:3308:------------------------------>>>>>>>>>>>>>
send_response:3350:------------------------------>>>>>>>>>>>>>
qtk_uart_write2:414:step=4096
send_response:3355:Send log frame: len=10
send_response:3356:Header: 90 40
send_response:3357:Event: 01 11
send_response:3358:Length: 01 00 (1 bytes)
send_response:3362:value: 0x34
send_response:3369:CRC: 4C EB
send_response:3370:Footer: FF
handle_uart_frame:2782:------------------_>>>>>>>finish_send_response = 5.29,5.08
handle_uart_frame:2783:---------------------------------->>>>>>>>>isnot_spk_count = 47
qtk_uart_client_trsn_run:1408:--------------->>>>>>>>>>>>>first_to_secendTime= 331.70
RESP_STATE_DATA_LENGTH:date_len : 1
data_index : 1
RESP_STATE_DATA:date_len : 1
Received Checksum: 4E 6C
qtk_uart_client_trsn_run:1501:----------------------now_delay = 0.12
handle_uart_frame:1704:Received event_code: 0x011D
handle_uart_frame:1705:-------=========================================---->>>>>
apply_eq_from_json_text_wtk:196:[EQ][apply] main write code=0x13 ret=0 (freq=1000.0, B=1, L=3)
apply_eq_from_json_text_wtk:219:[EQ][apply] summary: total=1, wrote_main=1, wrote_bass=0
handle_uart_frame:3036:[EQ][011D] mode persisted: 0 (0:STD,1:WALL,2:RECESSED)
send_response:3308:------------------------------>>>>>>>>>>>>>
send_response:3350:------------------------------>>>>>>>>>>>>>
qtk_uart_write2:414:step=4096
send_response:3355:Send log frame: len=10
send_response:3356:Header: 90 40
send_response:3357:Event: 01 1D
send_response:3358:Length: 01 00 (1 bytes)
send_response:3362:value: 0x00
send_response:3369:CRC: 4E 6C
send_response:3370:Footer: FF
qtk_uart_client_trsn_run:1408:--------------->>>>>>>>>>>>>first_to_secendTime= 384.50
RESP_STATE_DATA_LENGTH:date_len : 1
data_index : 1
RESP_STATE_DATA:date_len : 1
Received Checksum: 4F 90
qtk_uart_client_trsn_run:1501:----------------------now_delay = 0.15
handle_uart_frame:1704:Received event_code: 0x011C
handle_uart_frame:1705:-------=========================================---->>>>>
handle_uart_frame:2910:------------------_>>>>>>now_start_to_deal = 0.19,0.03
send_response:3308:------------------------------>>>>>>>>>>>>>
send_response:3350:------------------------------>>>>>>>>>>>>>
qtk_uart_write2:414:step=4096
send_response:3355:Send log frame: len=10
send_response:3356:Header: 90 40
send_response:3357:Event: 01 1C
send_response:3358:Length: 01 00 (1 bytes)
send_response:3362:value: 0x00
send_response:3369:CRC: 4F 90
send_response:3370:Footer: FF
handle_uart_frame:2936:---------------------------------->>>>>>>>>isnot_spk_count = 49
qtk_uart_client_trsn_run:1408:--------------->>>>>>>>>>>>>first_to_secendTime= 330.65
RESP_STATE_DATA_LENGTH:date_len : 1
data_index : 1
RESP_STATE_DATA:date_len : 1
Received Checksum: 0F D5
qtk_uart_client_trsn_run:1501:----------------------now_delay = 0.13
handle_uart_frame:1704:Received event_code: 0x011F
handle_uart_frame:1705:-------=========================================---->>>>>
handle_uart_frame:3062:------------------_>>>>>>now_start_to_deal = 0.17,0.03
qtk_uart_client_isRunning:1637:=========================>>>>>>>>>>>>>>>>>>>>
qtk_uart_client_isRunning:1659:=========================>>>>>>>>>>>>>>>>>>>>
qtk_uart_client_isRunning:1661:=========================>>>>>>>>>>>>>>>>>>>>count=4
handle_uart_frame:3070:--------------SET_LINEOUTPATTERN=3
handle_uart_frame:3072:------------------_>>>>>>>now_delay = 31.84,31.70
qtk_proc_write:730:input>[SET_LINEOUTPATTERN3]
qtk_proc_write:739:====>>>>qtk_proc_write end once=0
handle_uart_frame:3077:------------------_>>>>>>>now_delay = 31.91,31.77
handle_uart_frame:3085:------------------_>>>>>>>now_delay = 31.93,31.78
handle_uart_frame:3087:----------------------now_delay = 132.07
send_response:3308:------------------------------>>>>>>>>>>>>>
send_response:3350:------------------------------>>>>>>>>>>>>>
qtk_uart_write2:414:step=4096
send_response:3355:Send log frame: len=10
send_response:3356:Header: 90 40
send_response:3357:Event: 01 1F
send_response:3358:Length: 01 00 (1 bytes)
send_response:3362:value: 0x00
send_response:3369:CRC: 4F D4
send_response:3370:Footer: FF
handle_uart_frame:3089:------------------_>>>>>>>finish_send_response = 133.45,133.31
handle_uart_frame:3090:---------------------------------->>>>>>>>>isnot_spk_count = 50
qtk_uart_client_trsn_run:1408:--------------->>>>>>>>>>>>>first_to_secendTime= 464.66
RESP_STATE_DATA_LENGTH:date_len : 1
data_index : 1
RESP_STATE_DATA:date_len : 1
Received Checksum: 4E 28
qtk_uart_client_trsn_run:1501:----------------------now_delay = 0.12
handle_uart_frame:1704:Received event_code: 0x011E
handle_uart_frame:1705:-------=========================================---->>>>>
handle_uart_frame:3050:------------------_>>>>>>now_start_to_deal = 0.16,0.02
send_response:3308:------------------------------>>>>>>>>>>>>>
send_response:3350:------------------------------>>>>>>>>>>>>>
qtk_uart_write2:414:step=4096
send_response:3355:Send log frame: len=10
send_response:3356:Header: 90 40
send_response:3357:Event: 01 1E
send_response:3358:Length: 01 00 (1 bytes)
send_response:3362:value: 0x03
send_response:3369:CRC: 0E 29
send_response:3370:Footer: FF
handle_uart_frame:3053:------------------_>>>>>>>finish_send_response = 1.41,1.28
handle_uart_frame:3054:---------------------------------->>>>>>>>>isnot_spk_count = 50
qtk_uart_client_trsn_run:1408:--------------->>>>>>>>>>>>>first_to_secendTime= 325.79
RESP_STATE_DATA_LENGTH:date_len : 1
data_index : 1
RESP_STATE_DATA:date_len : 1
Received Checksum: 0E A1
qtk_uart_client_trsn_run:1501:----------------------now_delay = 0.14
handle_uart_frame:1704:Received event_code: 0x0118
handle_uart_frame:1705:-------=========================================---->>>>>
handle_uart_frame:2862:------------------_>>>>>>now_start_to_deal = 0.19,0.03
qtk_uart_client_isRunning:1637:=========================>>>>>>>>>>>>>>>>>>>>
qtk_uart_client_isRunning:1659:=========================>>>>>>>>>>>>>>>>>>>>
qtk_uart_client_isRunning:1661:=========================>>>>>>>>>>>>>>>>>>>>count=4
handle_uart_frame:2865:------------------_>>>>>>>now_delay = 34.02,33.86
handle_uart_frame:2869:------------------_>>>>>>>now_delay = 34.12,33.96
handle_uart_frame:2872:-----------------frame->data[1]:3
handle_uart_frame:2873:------------------_>>>>>>>now_delay = 34.24,34.07
qtk_proc_write:730:input>[SPEAKER_CONRTOL03]
qtk_proc_write:739:====>>>>qtk_proc_write end once=0
handle_uart_frame:2876:------------------_>>>>>>>now_delay = 34.28,34.12
handle_uart_frame:2881:------------------_>>>>>>>now_delay = 34.30,34.14
send_response:3308:------------------------------>>>>>>>>>>>>>
send_response:3350:------------------------------>>>>>>>>>>>>>
qtk_uart_write2:414:step=4096
send_response:3355:Send log frame: len=10
send_response:3356:Header: 90 40
send_response:3357:Event: 01 18
send_response:3358:Length: 01 00 (1 bytes)
send_response:3362:value: 0x00
send_response:3369:CRC: 4E A0
send_response:3370:Footer: FF
handle_uart_frame:2883:------------------_>>>>>>>finish_send_response = 35.61,35.45
handle_uart_frame:2884:----------------------------->>>>>>>isnot_spk_count=51
qtk_uart_client_trsn_run:1408:--------------->>>>>>>>>>>>>first_to_secendTime= 372.36
RESP_STATE_DATA_LENGTH:date_len : 5
data_index : 1
data_index : 2
data_index : 3
data_index : 4
data_index : 5
RESP_STATE_DATA:date_len : 5
Received Checksum: AE 35
qtk_uart_client_trsn_run:1501:----------------------now_delay = 0.24
handle_uart_frame:1704:Received event_code: 0x010C
handle_uart_frame:1705:-------=========================================---->>>>>
handle_uart_frame:2364:------------------_>>>>>>now_start_to_deal = 0.31,0.03
handle_uart_frame:2366:------------------_>>>>>>>now_delay = 0.33,0.04
qtk_uart_client_isRunning:1637:=========================>>>>>>>>>>>>>>>>>>>>
qtk_uart_client_isRunning:1659:=========================>>>>>>>>>>>>>>>>>>>>
qtk_uart_client_isRunning:1661:=========================>>>>>>>>>>>>>>>>>>>>count=4
handle_uart_frame:2397:------------------_>>>>>>>now_delay = 32.69,32.41
handle_uart_frame:2403:+========>>>>>>s=361 pc=V
handle_uart_frame:2408:------------------_>>>>>>>now_delay = 32.91,32.62
qtk_proc_write:730:input>[ENABLE_MIC]
qtk_proc_write:739:====>>>>qtk_proc_write end once=0
handle_uart_frame:2422:------------------_>>>>>>>now_delay = 33.02,32.74
send_response:3308:------------------------------>>>>>>>>>>>>>
send_response:3350:------------------------------>>>>>>>>>>>>>
qtk_uart_write2:414:step=4096
send_response:3355:Send log frame: len=10
send_response:3356:Header: 90 40
send_response:3357:Event: 01 0C
send_response:3358:Length: 01 00 (1 bytes)
send_response:3362:value: 0x00
send_response:3369:CRC: 4B 50
send_response:3370:Footer: FF
handle_uart_frame:2424:------------------_>>>>>>>finish_send_response = 34.41,34.12
handle_uart_frame:2431:------------------_>>>>>>>now_delay = 42.01,41.72
handle_uart_frame:2433:---------------------------------->>>>>>>>>isnot_spk_count = 52
qtk_uart_client_trsn_run:1408:--------------->>>>>>>>>>>>>first_to_secendTime= 362.75
RESP_STATE_DATA_LENGTH:date_len : 110
data_index : 1
data_index : 2
data_index : 3
data_index : 4
data_index : 5
data_index : 6
data_index : 7
data_index : 8
data_index : 9
data_index : 10
data_index : 11
data_index : 12
data_index : 13
data_index : 14
data_index : 15
data_index : 16
data_index : 17
data_index : 18
data_index : 19
data_index : 20
data_index : 21
data_index : 22
data_index : 23
data_index : 24
data_index : 25
data_index : 26
data_index : 27
data_index : 28
data_index : 29
data_index : 30
data_index : 31
data_index : 32
data_index : 33
data_index : 34
data_index : 35
data_index : 36
data_index : 37
data_index : 38
data_index : 39
data_index : 40
data_index : 41
data_index : 42
data_index : 43
data_index : 44
data_index : 45
data_index : 46
data_index : 47
data_index : 48
data_index : 49
data_index : 50
data_index : 51
data_index : 52
data_index : 53
data_index : 54
data_index : 55
data_index : 56
data_index : 57
data_index : 58
data_index : 59
data_index : 60
data_index : 61
data_index : 62
data_index : 63
data_index : 64
data_index : 65
data_index : 66
data_index : 67
data_index : 68
data_index : 69
data_index : 70
data_index : 71
data_index : 72
data_index : 73
data_index : 74
data_index : 75
data_index : 76
data_index : 77
data_index : 78
data_index : 79
data_index : 80
data_index : 81
data_index : 82
data_index : 83
data_index : 84
data_index : 85
data_index : 86
data_index : 87
data_index : 88
data_index : 89
data_index : 90
data_index : 91
data_index : 92
data_index : 93
data_index : 94
data_index : 95
data_index : 96
data_index : 97
data_index : 98
data_index : 99
data_index : 100
data_index : 101
data_index : 102
data_index : 103
data_index : 104
data_index : 105
data_index : 106
data_index : 107
data_index : 108
data_index : 109
data_index : 110
RESP_STATE_DATA:date_len : 110
Received Checksum: CD 31
qtk_uart_client_trsn_run:1501:----------------------now_delay = 1.84
handle_uart_frame:1704:Received event_code: 0x0103
handle_uart_frame:1705:-------=========================================---->>>>>
handle_uart_frame:1832:[EQ][0103] === Start EQ output setting ===
handle_uart_frame:1835:[EQ][0103] Step 1: Checking payload validity...
handle_uart_frame:1842:[EQ][0103] Payload check passed
handle_uart_frame:1845:[EQ][0103] Step 2: Sanitizing payload...
handle_uart_frame:1855:[EQ][0103] Payload sanitized. Length = 106
handle_uart_frame:1858:[EQ][0103] Step 3: Saving to file /oem/qdreamer/qsound/eq.json...
handle_uart_frame:1865:[EQ][0103] File saved successfully
handle_uart_frame:1868:[EQ][0103] Step 4: Applying EQ settings in current thread...
apply_eq_from_json_text_wtk:196:[EQ][apply] main write code=0x01 ret=0 (freq=200.0, B=0, L=1)
apply_eq_from_json_text_wtk:207:[EQ][apply] bass write code=0x01 ret=0 (freq=200.0)
apply_eq_from_json_text_wtk:196:[EQ][apply] main write code=0x14 ret=0 (freq=2000.0, B=1, L=4)
apply_eq_from_json_text_wtk:196:[EQ][apply] main write code=0x20 ret=0 (freq=6000.0, B=2, L=0)
apply_eq_from_json_text_wtk:219:[EQ][apply] summary: total=3, wrote_main=3, wrote_bass=1
handle_uart_frame:1876:[EQ][0103] EQ applied successfully
handle_uart_frame:1879:[EQ][0103] Step 5: Sending success response...
send_response:3308:------------------------------>>>>>>>>>>>>>
send_response:3350:------------------------------>>>>>>>>>>>>>
qtk_uart_write2:414:step=4096
send_response:3355:Send log frame: len=10
send_response:3356:Header: 90 40
send_response:3357:Event: 01 03
send_response:3358:Length: 01 00 (1 bytes)
send_response:3362:value: 0x00
send_response:3369:CRC: 48 44
send_response:3370:Footer: FF
handle_uart_frame:1883:[EQ][0103] === End EQ output setting ===
qtk_uart_client_trsn_run:1408:--------------->>>>>>>>>>>>>first_to_secendTime= 375.63
RESP_STATE_DATA_LENGTH:date_len : 5
data_index : 1
data_index : 2
data_index : 3
data_index : 4
data_index : 5
RESP_STATE_DATA:date_len : 5
Received Checksum: 97 EC
qtk_uart_client_trsn_run:1501:----------------------now_delay = 0.36
handle_uart_frame:1704:Received event_code: 0x010E
handle_uart_frame:1705:-------=========================================---->>>>>
handle_uart_frame:2522:------------------_>>>>>>now_start_to_deal = 0.47,0.05
qtk_uart_client_isRunning:1637:=========================>>>>>>>>>>>>>>>>>>>>
qtk_uart_client_isRunning:1659:=========================>>>>>>>>>>>>>>>>>>>>
qtk_uart_client_isRunning:1661:=========================>>>>>>>>>>>>>>>>>>>>count=4
handle_uart_frame:2533:+========>>>>>>s=483 pc=V
qtk_proc_write:730:input>[UNENABLE_LINEIN_KWS]
qtk_proc_write:739:====>>>>qtk_proc_write end once=0
handle_uart_frame:2573:------------------_>>>>>>>now_delay = 51.650000
send_response:3308:------------------------------>>>>>>>>>>>>>
send_response:3350:------------------------------>>>>>>>>>>>>>
qtk_uart_write2:414:step=4096
send_response:3355:Send log frame: len=10
send_response:3356:Header: 90 40
send_response:3357:Event: 01 0E
send_response:3358:Length: 01 00 (1 bytes)
send_response:3362:value: 0x00
send_response:3369:CRC: 4A E8
send_response:3370:Footer: FF
handle_uart_frame:2575:------------------_>>>>>>>finish_send_response = 53.46,53.04
handle_uart_frame:2576:------------------_>>>>>>>now_delay = 53.107000
handle_uart_frame:2580:---------------------------------->>>>>>>>>isnot_spk_count = 53
qtk_uart_client_trsn_run:1408:--------------->>>>>>>>>>>>>first_to_secendTime= 378.90
RESP_STATE_DATA_LENGTH:date_len : 5
data_index : 1
data_index : 2
data_index : 3
data_index : 4
data_index : 5
RESP_STATE_DATA:date_len : 5
Received Checksum: 2F E0
qtk_uart_client_trsn_run:1501:----------------------now_delay = 0.18
handle_uart_frame:1704:Received event_code: 0x010F
handle_uart_frame:1705:-------=========================================---->>>>>
handle_uart_frame:2588:------------------_>>>>>>now_start_to_deal = 0.24,0.03
qtk_uart_client_isRunning:1637:=========================>>>>>>>>>>>>>>>>>>>>
qtk_uart_client_isRunning:1659:=========================>>>>>>>>>>>>>>>>>>>>
qtk_uart_client_isRunning:1661:=========================>>>>>>>>>>>>>>>>>>>>count=4
handle_uart_frame:2593:------------------_>>>>>>>now_delay = 38.882000
handle_uart_frame:2600:+========>>>>>>s=517 pc=U
handle_uart_frame:2605:------------------_>>>>>>>now_delay = 39.39,39.18
handle_uart_frame:2609:------------------_>>>>>>>now_delay = 39.232000
qtk_proc_write:730:input>[ENABLE_LINEIN_MIC]
qtk_proc_write:739:====>>>>qtk_proc_write end once=0
handle_uart_frame:2652:------------------_>>>>>>>now_delay = 39.319000
send_response:3308:------------------------------>>>>>>>>>>>>>
send_response:3350:------------------------------>>>>>>>>>>>>>
qtk_uart_write2:414:step=4096
send_response:3355:Send log frame: len=10
send_response:3356:Header: 90 40
send_response:3357:Event: 01 0F
send_response:3358:Length: 01 00 (1 bytes)
send_response:3362:value: 0x00
send_response:3369:CRC: 4B 14
send_response:3370:Footer: FF
handle_uart_frame:2654:------------------_>>>>>>>finish_send_response = 40.89,40.68
handle_uart_frame:2655:---------------------------------->>>>>>>>>isnot_spk_count = 54
qtk_uart_client_trsn_run:1408:--------------->>>>>>>>>>>>>first_to_secendTime= 360.65
RESP_STATE_DATA_LENGTH:date_len : 4
data_index : 1
data_index : 2
data_index : 3
data_index : 4
RESP_STATE_DATA:date_len : 4
Received Checksum: 3A 7E
qtk_uart_client_trsn_run:1501:----------------------now_delay = 0.16
handle_uart_frame:1704:Received event_code: 0x011A
handle_uart_frame:1705:-------=========================================---->>>>>
send_response:3308:------------------------------>>>>>>>>>>>>>
send_response:3350:------------------------------>>>>>>>>>>>>>
qtk_uart_write2:414:step=4096
send_response:3355:Send log frame: len=10
send_response:3356:Header: 90 40
send_response:3357:Event: 01 1A
send_response:3358:Length: 01 00 (1 bytes)
send_response:3362:value: 0x03
send_response:3369:CRC: 0F 19
send_response:3370:Footer: FF
qtk_uart_client_trsn_run:1408:--------------->>>>>>>>>>>>>first_to_secendTime= 326.08
RESP_STATE_DATA_LENGTH:date_len : 5
data_index : 1
data_index : 2
data_index : 3
data_index : 4
data_index : 5
RESP_STATE_DATA:date_len : 5
Received Checksum: 16 39
qtk_uart_client_trsn_run:1501:----------------------now_delay = 0.19
handle_uart_frame:1704:Received event_code: 0x010D
handle_uart_frame:1705:-------=========================================---->>>>>
handle_uart_frame:2444:------------------_>>>>>>now_start_to_deal = 0.25,0.02
qtk_uart_client_isRunning:1637:=========================>>>>>>>>>>>>>>>>>>>>
qtk_uart_client_isRunning:1659:=========================>>>>>>>>>>>>>>>>>>>>
qtk_uart_client_isRunning:1661:=========================>>>>>>>>>>>>>>>>>>>>count=4
handle_uart_frame:2479:+========>>>>>>s=429 pc=V
handle_uart_frame:2488:------------------_>>>>>>>now_delay = 41.37,41.14
qtk_proc_write:730:input>[ENABLE_SPK]
qtk_proc_write:739:====>>>>qtk_proc_write end once=0
handle_uart_frame:2491:------------------_>>>>>>>now_delay = 41.45,41.23
handle_uart_frame:2498:------------------_>>>>>>>now_delay = 41.47,41.24
send_response:3308:------------------------------>>>>>>>>>>>>>
send_response:3350:------------------------------>>>>>>>>>>>>>
qtk_uart_write2:414:step=4096
send_response:3355:Send log frame: len=10
send_response:3356:Header: 90 40
send_response:3357:Event: 01 0D
send_response:3358:Length: 01 00 (1 bytes)
send_response:3362:value: 0x00
send_response:3369:CRC: 4A AC
send_response:3370:Footer: FF
handle_uart_frame:2500:------------------_>>>>>>>finish_send_response = 42.98,42.75
handle_uart_frame:2500:------------------_>>>>>>>now_delay = 43.01,42.79
handle_uart_frame:2508:------------------_>>>>>>>now_delay = 52.81,52.58
handle_uart_frame:2511:---------------------------------->>>>>>>>>isnot_spk_count = 56
send_audio_status_frame:312:-------------------------------->>>>>>
send_audio_status_frame:318:-------------------------------->>>>>>
send_audio_status_frame:326:-------------------------------->>>>>>
send_audio_status_frame:396:-------------------------------->>>>>>
send_response:3308:------------------------------>>>>>>>>>>>>>
send_response:3350:------------------------------>>>>>>>>>>>>>
qtk_uart_write2:414:step=4096
send_response:3355:Send log frame: len=147
send_response:3356:Header: 90 40
send_response:3357:Event: 01 16
send_response:3358:Length: 8A 00 (138 bytes)
send_response:3369:CRC: EF 69
send_response:3370:Footer: FF
send_audio_status_frame:399:-------------------------------->>>>>>
send_audio_status_frame:401:-------------------------------->>>>>>
qtk_uart_client_trsn_run:1408:--------------->>>>>>>>>>>>>first_to_secendTime= 357.90
RESP_STATE_DATA_LENGTH:date_len : 0
Received Checksum: 70 1A
qtk_uart_client_trsn_run:1501:----------------------now_delay = 0.10
handle_uart_frame:1704:Received event_code: 0x010B
handle_uart_frame:1705:-------=========================================---->>>>>
handle_uart_frame:2308:------------------_>>>>>>now_start_to_deal = 0.15,0.03
qtk_uart_client_isRunning:1637:=========================>>>>>>>>>>>>>>>>>>>>
qtk_uart_client_isRunning:1659:=========================>>>>>>>>>>>>>>>>>>>>
qtk_uart_client_isRunning:1661:=========================>>>>>>>>>>>>>>>>>>>>count=4
qtk_proc_write:730:input>[OUTPUT_INFOR]
qtk_proc_write:739:====>>>>qtk_proc_write end once=0
handle_uart_frame:2322:------------------_>>>>>>>now_delay = 41.58,41.46
handle_uart_frame:2324:------------------_>>>>>>>now_delay = 41.62,41.49
qtk_uart_write2:414:step=4096
handle_uart_frame:2355:---------------------------------->>>>>>>>>isnot_spk_count = 57
qtk_uart_client_trsn_run:1408:--------------->>>>>>>>>>>>>first_to_secendTime= 4469.11
RESP_STATE_DATA_LENGTH:date_len : 4
data_index : 1
data_index : 2
data_index : 3
data_index : 4
RESP_STATE_DATA:date_len : 4
Received Checksum: A2 7F
qtk_uart_client_trsn_run:1501:----------------------now_delay = 0.24
handle_uart_frame:1704:Received event_code: 0x0102
handle_uart_frame:1705:-------=========================================---->>>>>
handle_uart_frame:1802:------------------------resp = 0
send_response:3308:------------------------------>>>>>>>>>>>>>
send_response:3350:------------------------------>>>>>>>>>>>>>
qtk_uart_write2:414:step=4096
send_response:3355:Send log frame: len=10
send_response:3356:Header: 90 40
send_response:3357:Event: 01 02
send_response:3358:Length: 01 00 (1 bytes)
send_response:3362:value: 0x00
send_response:3369:CRC: 49 B8
send_response:3370:Footer: FF
handle_uart_frame:1821:---------------------------------->>>>>>>>>isnot_spk_count = 57
qtk_uart_client_trsn_run:1408:--------------->>>>>>>>>>>>>first_to_secendTime= 2.08
RESP_STATE_DATA_LENGTH:date_len : 0
Received Checksum: 21 DA
qtk_uart_client_trsn_run:1501:----------------------now_delay = 0.09
handle_uart_frame:1704:Received event_code: 0x010A
handle_uart_frame:1705:-------=========================================---->>>>>
handle_uart_frame:2256:------------------_>>>>>>now_start_to_deal = 0.14,0.03
qtk_uart_client_isRunning:1637:=========================>>>>>>>>>>>>>>>>>>>>
qtk_uart_client_isRunning:1659:=========================>>>>>>>>>>>>>>>>>>>>
qtk_uart_client_isRunning:1661:=========================>>>>>>>>>>>>>>>>>>>>count=4
qtk_proc_write:730:input>[INPUT_INFOR]
qtk_proc_write:739:====>>>>qtk_proc_write end once=0
qtk_uart_write2:414:step=4096
qtk_uart_write2:414:step=4096
handle_uart_frame:2300:---------------------------------->>>>>>>>>isnot_spk_count = 58
qtk_uart_client_trsn_run:1408:--------------->>>>>>>>>>>>>first_to_secendTime= 4997.56
RESP_STATE_DATA_LENGTH:date_len : 4
data_index : 1
data_index : 2
data_index : 3
data_index : 4
RESP_STATE_DATA:date_len : 4
Received Checksum: 90 C7
qtk_uart_client_trsn_run:1501:----------------------now_delay = 0.15
handle_uart_frame:1704:Received event_code: 0x0101
handle_uart_frame:1705:-------=========================================---->>>>>
send_response:3308:------------------------------>>>>>>>>>>>>>
send_response:3350:------------------------------>>>>>>>>>>>>>
qtk_uart_write2:414:step=4096
send_response:3355:Send log frame: len=10
send_response:3356:Header: 90 40
send_response:3357:Event: 01 01
send_response:3358:Length: 01 00 (1 bytes)
send_response:3362:value: 0x00
send_response:3369:CRC: 49 FC
send_response:3370:Footer: FF
handle_uart_frame:1764:------------------_>>>>>>>finish_send_response = 1.67,1.42
handle_uart_frame:1769:---------------------------------->>>>>>>>>isnot_spk_count = 58
qtk_uart_client_trsn_run:1408:--------------->>>>>>>>>>>>>first_to_secendTime= 1.80
RESP_STATE_DATA_LENGTH:date_len : 1
data_index : 1
RESP_STATE_DATA:date_len : 1
Received Checksum: 89 0C
qtk_uart_client_trsn_run:1501:----------------------now_delay = 0.11
handle_uart_frame:1704:Received event_code: 0x0105
handle_uart_frame:1705:-------=========================================---->>>>>
handle_uart_frame:1890:------------------_>>>>>>now_start_to_deal = 0.18,0.02
handle_uart_frame:1931:================fread=[use_uart=1;
uart={
	dev=/dev/ttyS4; #串口节点
	baude=115200;#波特率
	c_flow=0;#流控(0 不使用| 1 硬件流控| 2 软件流控)
	bits=8; #数据位(5,6,7,8)
	parity=0;#校验位(0 不使用| 1 奇校验 | 2 偶检验)
	stop=1;#停止位(1 1停止位| 2 2停止位)
	step_size=4096;#每1ms 发送的字节数
};

VBOX3_ANS=1;
VBOX3_AGC=1;
VBOX3_AEC=0;
VBOX3_MIC=1;                                                       
VBOX3_SPK=1;                                         
VBOX3_LINEIN=0;
USE_LINEIN_SPK=0;
USE_LINEIN_MIC=1;
vbox3_aec_level=1;
vbox3_agc_level=0;
vbox3_anc_level=0;
mic_shift2=2.46;]
handle_uart_frame:1939:+========>>>>>>s=322 pc=V
qtk_uart_client_isRunning:1637:=========================>>>>>>>>>>>>>>>>>>>>
qtk_uart_client_isRunning:1659:=========================>>>>>>>>>>>>>>>>>>>>
qtk_uart_client_isRunning:1661:=========================>>>>>>>>>>>>>>>>>>>>count=4
qtk_proc_write:730:input>[SET_MICANC_ON]
qtk_proc_write:739:====>>>>qtk_proc_write end once=0
send_response:3308:------------------------------>>>>>>>>>>>>>
send_response:3350:------------------------------>>>>>>>>>>>>>
qtk_uart_write2:414:step=4096
send_response:3355:Send log frame: len=10
send_response:3356:Header: 90 40
send_response:3357:Event: 01 05
send_response:3358:Length: 01 00 (1 bytes)
send_response:3362:value: 0x00
send_response:3369:CRC: 48 CC
send_response:3370:Footer: FF
handle_uart_frame:1962:------------------_>>>>>>>finish_send_response = 33.34,33.19
handle_uart_frame:1970:------------------_>>>>>>>now_delay = 40.99,40.83
handle_uart_frame:1971:---------------------------------->>>>>>>>>isnot_spk_count = 59
qtk_uart_client_trsn_run:1408:--------------->>>>>>>>>>>>>first_to_secendTime= 41.14
RESP_STATE_DATA_LENGTH:date_len : 1
data_index : 1
RESP_STATE_DATA:date_len : 1
Received Checksum: 88 B4
qtk_uart_client_trsn_run:1501:----------------------now_delay = 0.11
handle_uart_frame:1704:Received event_code: 0x0107
handle_uart_frame:1705:-------=========================================---->>>>>
handle_uart_frame:2003:------------------_>>>>>>now_start_to_deal = 0.15,0.02
handle_uart_frame:2045:------------------_>>>>>>>now_delay = 0.22,0.10
handle_uart_frame:2049:------------------_>>>>>>>now_delay = 0.32,0.20
handle_uart_frame:2053:------------------_>>>>>>>now_delay = 0.34,0.22
handle_uart_frame:2058:+========>>>>>>s=335 pc=V
handle_uart_frame:2060:------------------_>>>>>>>now_delay = 0.40,0.28
qtk_uart_client_isRunning:1637:=========================>>>>>>>>>>>>>>>>>>>>
qtk_uart_client_isRunning:1659:=========================>>>>>>>>>>>>>>>>>>>>
qtk_uart_client_isRunning:1661:=========================>>>>>>>>>>>>>>>>>>>>count=4
qtk_proc_write:730:input>[SET_MICAGC_ON]
qtk_proc_write:739:====>>>>qtk_proc_write end once=0
handle_uart_frame:2080:------------------_>>>>>>>now_delay = 32.04,31.92
send_response:3308:------------------------------>>>>>>>>>>>>>
send_response:3350:------------------------------>>>>>>>>>>>>>
qtk_uart_write2:414:step=4096
send_response:3355:Send log frame: len=10
send_response:3356:Header: 90 40
send_response:3357:Event: 01 07
send_response:3358:Length: 01 00 (1 bytes)
send_response:3362:value: 0x00
send_response:3369:CRC: 49 74
send_response:3370:Footer: FF
handle_uart_frame:2082:------------------_>>>>>>>finish_send_response = 33.32,33.20
handle_uart_frame:2092:------------------_>>>>>>>now_delay = 38.38,38.26
handle_uart_frame:2093:---------------------------------->>>>>>>>>isnot_spk_count = 60
qtk_uart_client_trsn_run:1408:--------------->>>>>>>>>>>>>first_to_secendTime= 38.52
RESP_STATE_DATA_LENGTH:date_len : 1
data_index : 1
RESP_STATE_DATA:date_len : 1
Received Checksum: 8A 5C
qtk_uart_client_trsn_run:1501:----------------------now_delay = 0.10
handle_uart_frame:1704:Received event_code: 0x0109
handle_uart_frame:1705:-------=========================================---->>>>>
handle_uart_frame:2125:------------------_>>>>>>now_start_to_deal = 0.18,0.02
handle_uart_frame:2163:------------------_>>>>>>>now_delay = 0.29,0.13
handle_uart_frame:2166:================fread=[use_uart=1;
uart={
	dev=/dev/ttyS4; #串口节点
	baude=115200;#波特率
	c_flow=0;#流控(0 不使用| 1 硬件流控| 2 软件流控)
	bits=8; #数据位(5,6,7,8)
	parity=0;#校验位(0 不使用| 1 奇校验 | 2 偶检验)
	stop=1;#停止位(1 1停止位| 2 2停止位)
	step_size=4096;#每1ms 发送的字节数
};

VBOX3_ANS=1;
VBOX3_AGC=1;
VBOX3_AEC=0;
VBOX3_MIC=1;                                                       
VBOX3_SPK=1;                                         
VBOX3_LINEIN=0;
USE_LINEIN_SPK=0;
USE_LINEIN_MIC=1;
vbox3_aec_level=1;
vbox3_agc_level=0;
vbox3_anc_level=0;
mic_shift2=2.46;]
handle_uart_frame:2168:------------------_>>>>>>>now_delay = 0.39,0.24
handle_uart_frame:2181:已设置AEC等级: 1
handle_uart_frame:2183:------------------_>>>>>>>now_delay = 0.47,0.31
qtk_uart_client_isRunning:1637:=========================>>>>>>>>>>>>>>>>>>>>
qtk_uart_client_isRunning:1659:=========================>>>>>>>>>>>>>>>>>>>>
qtk_uart_client_isRunning:1661:=========================>>>>>>>>>>>>>>>>>>>>count=4
qtk_proc_write:730:input>[SET_MICAEC_ON_LOW]
qtk_proc_write:739:====>>>>qtk_proc_write end once=0
handle_uart_frame:2208:------------------_>>>>>>>now_delay = 29.27,29.11
send_response:3308:------------------------------>>>>>>>>>>>>>
send_response:3350:------------------------------>>>>>>>>>>>>>
qtk_uart_write2:414:step=4096
send_response:3355:Send log frame: len=10
send_response:3356:Header: 90 40
send_response:3357:Event: 01 09
send_response:3358:Length: 01 00 (1 bytes)
send_response:3362:value: 0x00
send_response:3369:CRC: 4B 9C
send_response:3370:Footer: FF
handle_uart_frame:2210:------------------_>>>>>>>finish_send_response = 32.45,32.29
handle_uart_frame:2220:------------------_>>>>>>>now_delay = 36.19,36.04
handle_uart_frame:2221:---------------------------------->>>>>>>>>isnot_spk_count = 61
qtk_uart_client_trsn_run:1408:--------------->>>>>>>>>>>>>first_to_secendTime= 36.43
RESP_STATE_DATA_LENGTH:date_len : 5
data_index : 1
data_index : 2
data_index : 3
data_index : 4
data_index : 5
RESP_STATE_DATA:date_len : 5
Received Checksum: 6F 66
qtk_uart_client_trsn_run:1501:----------------------now_delay = 0.15
handle_uart_frame:1704:Received event_code: 0x0112
handle_uart_frame:1705:-------=========================================---->>>>>
handle_uart_frame:2734:------------------_>>>>>>now_start_to_deal = 0.19,0.02
qtk_uart_client_isRunning:1637:=========================>>>>>>>>>>>>>>>>>>>>
qtk_uart_client_isRunning:1659:=========================>>>>>>>>>>>>>>>>>>>>
qtk_uart_client_isRunning:1661:=========================>>>>>>>>>>>>>>>>>>>>count=4
handle_uart_frame:2743:--------------SET_MICVOLUME==58
qtk_proc_write:730:input>[SET_MICVOLUME58]
qtk_proc_write:739:====>>>>qtk_proc_write end once=0
handle_uart_frame:2755:------------------_>>>>>>>now_delay = 29.53,29.37
send_response:3308:------------------------------>>>>>>>>>>>>>
send_response:3350:------------------------------>>>>>>>>>>>>>
qtk_uart_write2:414:step=4096
send_response:3355:Send log frame: len=10
send_response:3356:Header: 90 40
send_response:3357:Event: 01 12
send_response:3358:Length: 01 00 (1 bytes)
send_response:3362:value: 0x00
send_response:3369:CRC: 4D 78
send_response:3370:Footer: FF
handle_uart_frame:2757:------------------_>>>>>>>finish_send_response = 30.91,30.74
handle_uart_frame:2758:---------------------------------->>>>>>>>>isnot_spk_count = 62
qtk_uart_client_trsn_run:1408:--------------->>>>>>>>>>>>>first_to_secendTime= 31.00
RESP_STATE_DATA_LENGTH:date_len : 5
data_index : 1
data_index : 2
data_index : 3
data_index : 4
data_index : 5
RESP_STATE_DATA:date_len : 5
Received Checksum: D6 A3
qtk_uart_client_trsn_run:1501:----------------------now_delay = 0.15
handle_uart_frame:1704:Received event_code: 0x0113
handle_uart_frame:1705:-------=========================================---->>>>>
handle_uart_frame:2791:------------------>>>>>>38
handle_uart_frame:2799:------->echo 38 > /sys/bus/i2c/devices/3-006d/volume
handle_uart_frame:2807:------->echo 38 > /sys/bus/i2c/devices/3-0069/volume
send_response:3308:------------------------------>>>>>>>>>>>>>
send_response:3350:------------------------------>>>>>>>>>>>>>
qtk_uart_write2:414:step=4096
send_response:3355:Send log frame: len=10
send_response:3356:Header: 90 40
send_response:3357:Event: 01 13
send_response:3358:Length: 01 00 (1 bytes)
send_response:3362:value: 0x00
send_response:3369:CRC: 4C 84
send_response:3370:Footer: FF
handle_uart_frame:2809:------------------_>>>>>>>finish_send_response = 5.19,5.02
qtk_uart_client_trsn_run:1408:--------------->>>>>>>>>>>>>first_to_secendTime= 5.52
RESP_STATE_DATA_LENGTH:date_len : 1
data_index : 1
RESP_STATE_DATA:date_len : 1
Received Checksum: CF AD
qtk_uart_client_trsn_run:1501:----------------------now_delay = 0.11
handle_uart_frame:1704:Received event_code: 0x011D
handle_uart_frame:1705:-------=========================================---->>>>>
apply_eq_from_json_text_wtk:196:[EQ][apply] main write code=0x05 ret=0 (freq=200.0, B=0, L=5)
apply_eq_from_json_text_wtk:207:[EQ][apply] bass write code=0x05 ret=0 (freq=200.0)
apply_eq_from_json_text_wtk:219:[EQ][apply] summary: total=1, wrote_main=1, wrote_bass=1
handle_uart_frame:3036:[EQ][011D] mode persisted: 2 (0:STD,1:WALL,2:RECESSED)
send_response:3308:------------------------------>>>>>>>>>>>>>
send_response:3350:------------------------------>>>>>>>>>>>>>
qtk_uart_write2:414:step=4096
send_response:3355:Send log frame: len=10
send_response:3356:Header: 90 40
send_response:3357:Event: 01 1D
send_response:3358:Length: 01 00 (1 bytes)
send_response:3362:value: 0x00
send_response:3369:CRC: 4E 6C
send_response:3370:Footer: FF
qtk_uart_client_trsn_run:1408:--------------->>>>>>>>>>>>>first_to_secendTime= 357.40
RESP_STATE_DATA_LENGTH:date_len : 1
data_index : 1
RESP_STATE_DATA:date_len : 1
Received Checksum: 0F D5
qtk_uart_client_trsn_run:1501:----------------------now_delay = 0.14
handle_uart_frame:1704:Received event_code: 0x011F
handle_uart_frame:1705:-------=========================================---->>>>>
handle_uart_frame:3062:------------------_>>>>>>now_start_to_deal = 0.23,0.03
qtk_uart_client_isRunning:1637:=========================>>>>>>>>>>>>>>>>>>>>
qtk_uart_client_isRunning:1659:=========================>>>>>>>>>>>>>>>>>>>>
qtk_uart_client_isRunning:1661:=========================>>>>>>>>>>>>>>>>>>>>count=4
handle_uart_frame:3070:--------------SET_LINEOUTPATTERN=3
handle_uart_frame:3072:------------------_>>>>>>>now_delay = 29.69,29.49
qtk_proc_write:730:input>[SET_LINEOUTPATTERN3]
qtk_proc_write:739:====>>>>qtk_proc_write end once=0
handle_uart_frame:3077:------------------_>>>>>>>now_delay = 29.92,29.72
handle_uart_frame:3085:------------------_>>>>>>>now_delay = 29.94,29.74
handle_uart_frame:3087:----------------------now_delay = 130.07
send_response:3308:------------------------------>>>>>>>>>>>>>
send_response:3350:------------------------------>>>>>>>>>>>>>
qtk_uart_write2:414:step=4096
send_response:3355:Send log frame: len=10
send_response:3356:Header: 90 40
send_response:3357:Event: 01 1F
send_response:3358:Length: 01 00 (1 bytes)
send_response:3362:value: 0x00
send_response:3369:CRC: 4F D4
send_response:3370:Footer: FF
handle_uart_frame:3089:------------------_>>>>>>>finish_send_response = 131.45,131.25
handle_uart_frame:3090:---------------------------------->>>>>>>>>isnot_spk_count = 64
qtk_uart_client_trsn_run:1408:--------------->>>>>>>>>>>>>first_to_secendTime= 459.80
RESP_STATE_DATA_LENGTH:date_len : 1
data_index : 1
RESP_STATE_DATA:date_len : 1
Received Checksum: 4E 28
qtk_uart_client_trsn_run:1501:----------------------now_delay = 0.11
handle_uart_frame:1704:Received event_code: 0x011E
handle_uart_frame:1705:-------=========================================---->>>>>
handle_uart_frame:3050:------------------_>>>>>>now_start_to_deal = 0.16,0.02
send_response:3308:------------------------------>>>>>>>>>>>>>
send_response:3350:------------------------------>>>>>>>>>>>>>
qtk_uart_write2:414:step=4096
send_response:3355:Send log frame: len=10
send_response:3356:Header: 90 40
send_response:3357:Event: 01 1E
send_response:3358:Length: 01 00 (1 bytes)
send_response:3362:value: 0x03
send_response:3369:CRC: 0E 29
send_response:3370:Footer: FF
handle_uart_frame:3053:------------------_>>>>>>>finish_send_response = 1.42,1.29
handle_uart_frame:3054:---------------------------------->>>>>>>>>isnot_spk_count = 64
qtk_uart_client_trsn_run:1408:--------------->>>>>>>>>>>>>first_to_secendTime= 326.80
RESP_STATE_DATA_LENGTH:date_len : 0
Received Checksum: 21 DA
qtk_uart_client_trsn_run:1501:----------------------now_delay = 0.12
handle_uart_frame:1704:Received event_code: 0x010A
handle_uart_frame:1705:-------=========================================---->>>>>
handle_uart_frame:2256:------------------_>>>>>>now_start_to_deal = 0.17,0.02
qtk_uart_client_isRunning:1637:=========================>>>>>>>>>>>>>>>>>>>>
qtk_uart_client_isRunning:1659:=========================>>>>>>>>>>>>>>>>>>>>
qtk_uart_client_isRunning:1661:=========================>>>>>>>>>>>>>>>>>>>>count=4
qtk_proc_write:730:input>[INPUT_INFOR]
qtk_proc_write:739:====>>>>qtk_proc_write end once=0
handle_uart_frame:2300:---------------------------------->>>>>>>>>isnot_spk_count = 65
qtk_uart_client_trsn_run:1408:--------------->>>>>>>>>>>>>first_to_secendTime= 4701.14
RESP_STATE_DATA_LENGTH:date_len : 5
data_index : 1
data_index : 2
data_index : 3
data_index : 4
data_index : 5
RESP_STATE_DATA:date_len : 5
Received Checksum: 2F E0
qtk_uart_client_trsn_run:1501:----------------------now_delay = 0.32
handle_uart_frame:1704:Received event_code: 0x010F
handle_uart_frame:1705:-------=========================================---->>>>>
handle_uart_frame:2588:------------------_>>>>>>now_start_to_deal = 0.40,0.05
qtk_uart_client_isRunning:1637:=========================>>>>>>>>>>>>>>>>>>>>
qtk_uart_client_isRunning:1659:=========================>>>>>>>>>>>>>>>>>>>>
qtk_uart_client_isRunning:1661:=========================>>>>>>>>>>>>>>>>>>>>count=4
handle_uart_frame:2593:------------------_>>>>>>>now_delay = 41.970000
handle_uart_frame:2600:+========>>>>>>s=517 pc=U
handle_uart_frame:2605:------------------_>>>>>>>now_delay = 42.56,42.21
handle_uart_frame:2609:------------------_>>>>>>>now_delay = 42.265000
qtk_proc_write:730:input>[ENABLE_LINEIN_MIC]
qtk_proc_write:739:====>>>>qtk_proc_write end once=0
handle_uart_frame:2652:------------------_>>>>>>>now_delay = 42.314000
send_response:3308:------------------------------>>>>>>>>>>>>>
send_response:3350:------------------------------>>>>>>>>>>>>>
qtk_uart_write2:414:step=4096
send_response:3355:Send log frame: len=10
send_response:3356:Header: 90 40
send_response:3357:Event: 01 0F
send_response:3358:Length: 01 00 (1 bytes)
send_response:3362:value: 0x00
send_response:3369:CRC: 4B 14
send_response:3370:Footer: FF
handle_uart_frame:2654:------------------_>>>>>>>finish_send_response = 44.05,43.70
handle_uart_frame:2655:---------------------------------->>>>>>>>>isnot_spk_count = 66
qtk_uart_client_trsn_run:1408:--------------->>>>>>>>>>>>>first_to_secendTime= 44.27
RESP_STATE_DATA_LENGTH:date_len : 5
data_index : 1
data_index : 2
data_index : 3
data_index : 4
data_index : 5
RESP_STATE_DATA:date_len : 5
Received Checksum: 6F F5
qtk_uart_client_trsn_run:1501:----------------------now_delay = 0.16
handle_uart_frame:1704:Received event_code: 0x010C
handle_uart_frame:1705:-------=========================================---->>>>>
handle_uart_frame:2364:------------------_>>>>>>now_start_to_deal = 0.20,0.02
handle_uart_frame:2366:------------------_>>>>>>>now_delay = 0.21,0.04
qtk_uart_client_isRunning:1637:=========================>>>>>>>>>>>>>>>>>>>>
qtk_uart_client_isRunning:1659:=========================>>>>>>>>>>>>>>>>>>>>
qtk_uart_client_isRunning:1661:=========================>>>>>>>>>>>>>>>>>>>>count=4
handle_uart_frame:2371:------------------_>>>>>>>now_delay = 33.11,32.93
handle_uart_frame:2377:+========>>>>>>s=361 pc=V
handle_uart_frame:2379:------------------_>>>>>>>now_delay = 33.33,33.16
handle_uart_frame:2383:------------------_>>>>>>>now_delay = 33.38,33.20
qtk_proc_write:730:input>[UNENABLE_MIC]
qtk_proc_write:739:====>>>>qtk_proc_write end once=0
handle_uart_frame:2394:------------------_>>>>>>>now_delay = 33.42,33.25
handle_uart_frame:2422:------------------_>>>>>>>now_delay = 33.54,33.36
send_response:3308:------------------------------>>>>>>>>>>>>>
send_response:3350:------------------------------>>>>>>>>>>>>>
qtk_uart_write2:414:step=4096
send_response:3355:Send log frame: len=10
send_response:3356:Header: 90 40
send_response:3357:Event: 01 0C
send_response:3358:Length: 01 00 (1 bytes)
send_response:3362:value: 0x00
send_response:3369:CRC: 4B 50
send_response:3370:Footer: FF
handle_uart_frame:2424:------------------_>>>>>>>finish_send_response = 34.97,34.79
handle_uart_frame:2431:------------------_>>>>>>>now_delay = 42.65,42.48
handle_uart_frame:2433:---------------------------------->>>>>>>>>isnot_spk_count = 67
qtk_uart_client_trsn_run:1408:--------------->>>>>>>>>>>>>first_to_secendTime= 42.86
RESP_STATE_DATA_LENGTH:date_len : 1
data_index : 1
RESP_STATE_DATA:date_len : 1
Received Checksum: 0E A1
qtk_uart_client_trsn_run:1501:----------------------now_delay = 0.11
handle_uart_frame:1704:Received event_code: 0x0118
handle_uart_frame:1705:-------=========================================---->>>>>
handle_uart_frame:2862:------------------_>>>>>>now_start_to_deal = 0.15,0.02
qtk_uart_client_isRunning:1637:=========================>>>>>>>>>>>>>>>>>>>>
qtk_uart_client_isRunning:1659:=========================>>>>>>>>>>>>>>>>>>>>
qtk_uart_client_isRunning:1661:=========================>>>>>>>>>>>>>>>>>>>>count=4
handle_uart_frame:2865:------------------_>>>>>>>now_delay = 29.07,28.95
handle_uart_frame:2869:------------------_>>>>>>>now_delay = 29.16,29.04
handle_uart_frame:2872:-----------------frame->data[1]:3
handle_uart_frame:2873:------------------_>>>>>>>now_delay = 29.19,29.06
qtk_proc_write:730:input>[SPEAKER_CONRTOL03]
qtk_proc_write:739:====>>>>qtk_proc_write end once=0
handle_uart_frame:2876:------------------_>>>>>>>now_delay = 29.27,29.15
handle_uart_frame:2881:------------------_>>>>>>>now_delay = 29.29,29.17
send_response:3308:------------------------------>>>>>>>>>>>>>
send_response:3350:------------------------------>>>>>>>>>>>>>
qtk_uart_write2:414:step=4096
send_response:3355:Send log frame: len=10
send_response:3356:Header: 90 40
send_response:3357:Event: 01 18
send_response:3358:Length: 01 00 (1 bytes)
send_response:3362:value: 0x00
send_response:3369:CRC: 4E A0
send_response:3370:Footer: FF
handle_uart_frame:2883:------------------_>>>>>>>finish_send_response = 30.61,30.48
handle_uart_frame:2884:----------------------------->>>>>>>isnot_spk_count=68
qtk_uart_client_trsn_run:1408:--------------->>>>>>>>>>>>>first_to_secendTime= 30.70
RESP_STATE_DATA_LENGTH:date_len : 4
data_index : 1
data_index : 2
data_index : 3
data_index : 4
RESP_STATE_DATA:date_len : 4
Received Checksum: A2 7F
qtk_uart_client_trsn_run:1501:----------------------now_delay = 0.15
handle_uart_frame:1704:Received event_code: 0x0102
handle_uart_frame:1705:-------=========================================---->>>>>
handle_uart_frame:1802:------------------------resp = 0
send_response:3308:------------------------------>>>>>>>>>>>>>
send_response:3350:------------------------------>>>>>>>>>>>>>
qtk_uart_write2:414:step=4096
send_response:3355:Send log frame: len=10
send_response:3356:Header: 90 40
send_response:3357:Event: 01 02
send_response:3358:Length: 01 00 (1 bytes)
send_response:3362:value: 0x00
send_response:3369:CRC: 49 B8
send_response:3370:Footer: FF
handle_uart_frame:1821:---------------------------------->>>>>>>>>isnot_spk_count = 68
qtk_uart_client_trsn_run:1408:--------------->>>>>>>>>>>>>first_to_secendTime= 1.98
RESP_STATE_DATA_LENGTH:date_len : 5
data_index : 1
data_index : 2
data_index : 3
data_index : 4
data_index : 5
RESP_STATE_DATA:date_len : 5
Received Checksum: 16 39
qtk_uart_client_trsn_run:1501:----------------------now_delay = 0.17
handle_uart_frame:1704:Received event_code: 0x010D
handle_uart_frame:1705:-------=========================================---->>>>>
handle_uart_frame:2444:------------------_>>>>>>now_start_to_deal = 0.24,0.02
qtk_uart_client_isRunning:1637:=========================>>>>>>>>>>>>>>>>>>>>
qtk_uart_client_isRunning:1659:=========================>>>>>>>>>>>>>>>>>>>>
qtk_uart_client_isRunning:1661:=========================>>>>>>>>>>>>>>>>>>>>count=4
handle_uart_frame:2479:+========>>>>>>s=429 pc=V
handle_uart_frame:2488:------------------_>>>>>>>now_delay = 30.58,30.37
qtk_proc_write:730:input>[ENABLE_SPK]
qtk_proc_write:739:====>>>>qtk_proc_write end once=0
handle_uart_frame:2491:------------------_>>>>>>>now_delay = 30.64,30.43
handle_uart_frame:2498:------------------_>>>>>>>now_delay = 30.66,30.45
send_response:3308:------------------------------>>>>>>>>>>>>>
send_response:3350:------------------------------>>>>>>>>>>>>>
qtk_uart_write2:414:step=4096
send_response:3355:Send log frame: len=10
send_response:3356:Header: 90 40
send_response:3357:Event: 01 0D
send_response:3358:Length: 01 00 (1 bytes)
send_response:3362:value: 0x00
send_response:3369:CRC: 4A AC
send_response:3370:Footer: FF
handle_uart_frame:2500:------------------_>>>>>>>finish_send_response = 31.95,31.73
handle_uart_frame:2500:------------------_>>>>>>>now_delay = 31.96,31.75
handle_uart_frame:2508:------------------_>>>>>>>now_delay = 35.18,34.97
handle_uart_frame:2511:---------------------------------->>>>>>>>>isnot_spk_count = 70
send_audio_status_frame:312:-------------------------------->>>>>>
send_audio_status_frame:318:-------------------------------->>>>>>
send_audio_status_frame:326:-------------------------------->>>>>>
send_audio_status_frame:396:-------------------------------->>>>>>
send_response:3308:------------------------------>>>>>>>>>>>>>
send_response:3350:------------------------------>>>>>>>>>>>>>
qtk_uart_write2:414:step=4096
send_response:3355:Send log frame: len=147
send_response:3356:Header: 90 40
send_response:3357:Event: 01 16
send_response:3358:Length: 8A 00 (138 bytes)
send_response:3369:CRC: 3A FD
send_response:3370:Footer: FF
send_audio_status_frame:399:-------------------------------->>>>>>
send_audio_status_frame:401:-------------------------------->>>>>>
qtk_uart_client_trsn_run:1408:--------------->>>>>>>>>>>>>first_to_secendTime= 92.52
RESP_STATE_DATA_LENGTH:date_len : 110
data_index : 1
data_index : 2
data_index : 3
data_index : 4
data_index : 5
data_index : 6
data_index : 7
data_index : 8
data_index : 9
data_index : 10
data_index : 11
data_index : 12
data_index : 13
data_index : 14
data_index : 15
data_index : 16
data_index : 17
data_index : 18
data_index : 19
data_index : 20
data_index : 21
data_index : 22
data_index : 23
data_index : 24
data_index : 25
data_index : 26
data_index : 27
data_index : 28
data_index : 29
data_index : 30
data_index : 31
data_index : 32
data_index : 33
data_index : 34
data_index : 35
data_index : 36
data_index : 37
data_index : 38
data_index : 39
data_index : 40
data_index : 41
data_index : 42
data_index : 43
data_index : 44
data_index : 45
data_index : 46
data_index : 47
data_index : 48
data_index : 49
data_index : 50
data_index : 51
data_index : 52
data_index : 53
data_index : 54
data_index : 55
data_index : 56
data_index : 57
data_index : 58
data_index : 59
data_index : 60
data_index : 61
data_index : 62
data_index : 63
data_index : 64
data_index : 65
data_index : 66
data_index : 67
data_index : 68
data_index : 69
data_index : 70
data_index : 71
data_index : 72
data_index : 73
data_index : 74
data_index : 75
data_index : 76
data_index : 77
data_index : 78
data_index : 79
data_index : 80
data_index : 81
data_index : 82
data_index : 83
data_index : 84
data_index : 85
data_index : 86
data_index : 87
data_index : 88
data_index : 89
data_index : 90
data_index : 91
data_index : 92
data_index : 93
data_index : 94
data_index : 95
data_index : 96
data_index : 97
data_index : 98
data_index : 99
data_index : 100
data_index : 101
data_index : 102
data_index : 103
data_index : 104
data_index : 105
data_index : 106
data_index : 107
data_index : 108
data_index : 109
data_index : 110
RESP_STATE_DATA:date_len : 110
Received Checksum: CD 31
qtk_uart_client_trsn_run:1501:----------------------now_delay = 1.72
handle_uart_frame:1704:Received event_code: 0x0103
handle_uart_frame:1705:-------=========================================---->>>>>
handle_uart_frame:1832:[EQ][0103] === Start EQ output setting ===
handle_uart_frame:1835:[EQ][0103] Step 1: Checking payload validity...
handle_uart_frame:1842:[EQ][0103] Payload check passed
handle_uart_frame:1845:[EQ][0103] Step 2: Sanitizing payload...
handle_uart_frame:1855:[EQ][0103] Payload sanitized. Length = 106
handle_uart_frame:1858:[EQ][0103] Step 3: Saving to file /oem/qdreamer/qsound/eq.json...
handle_uart_frame:1865:[EQ][0103] File saved successfully
handle_uart_frame:1868:[EQ][0103] Step 4: Applying EQ settings in current thread...
apply_eq_from_json_text_wtk:196:[EQ][apply] main write code=0x01 ret=0 (freq=200.0, B=0, L=1)
apply_eq_from_json_text_wtk:207:[EQ][apply] bass write code=0x01 ret=0 (freq=200.0)
apply_eq_from_json_text_wtk:196:[EQ][apply] main write code=0x14 ret=0 (freq=2000.0, B=1, L=4)
apply_eq_from_json_text_wtk:196:[EQ][apply] main write code=0x20 ret=0 (freq=6000.0, B=2, L=0)
apply_eq_from_json_text_wtk:219:[EQ][apply] summary: total=3, wrote_main=3, wrote_bass=1
handle_uart_frame:1876:[EQ][0103] EQ applied successfully
handle_uart_frame:1879:[EQ][0103] Step 5: Sending success response...
send_response:3308:------------------------------>>>>>>>>>>>>>
send_response:3350:------------------------------>>>>>>>>>>>>>
qtk_uart_write2:414:step=4096
send_response:3355:Send log frame: len=10
send_response:3356:Header: 90 40
send_response:3357:Event: 01 03
send_response:3358:Length: 01 00 (1 bytes)
send_response:3362:value: 0x00
send_response:3369:CRC: 48 44
send_response:3370:Footer: FF
handle_uart_frame:1883:[EQ][0103] === End EQ output setting ===
qtk_uart_client_trsn_run:1408:--------------->>>>>>>>>>>>>first_to_secendTime= 379.65
RESP_STATE_DATA_LENGTH:date_len : 5
data_index : 1
data_index : 2
data_index : 3
data_index : 4
data_index : 5
RESP_STATE_DATA:date_len : 5
Received Checksum: 97 EC
qtk_uart_client_trsn_run:1501:----------------------now_delay = 0.19
handle_uart_frame:1704:Received event_code: 0x010E
handle_uart_frame:1705:-------=========================================---->>>>>
handle_uart_frame:2522:------------------_>>>>>>now_start_to_deal = 0.25,0.03
qtk_uart_client_isRunning:1637:=========================>>>>>>>>>>>>>>>>>>>>
qtk_uart_client_isRunning:1659:=========================>>>>>>>>>>>>>>>>>>>>
qtk_uart_client_isRunning:1661:=========================>>>>>>>>>>>>>>>>>>>>count=4
handle_uart_frame:2533:+========>>>>>>s=483 pc=V
qtk_proc_write:730:input>[UNENABLE_LINEIN_KWS]
qtk_proc_write:739:====>>>>qtk_proc_write end once=0
handle_uart_frame:2573:------------------_>>>>>>>now_delay = 30.474000
send_response:3308:------------------------------>>>>>>>>>>>>>
send_response:3350:------------------------------>>>>>>>>>>>>>
qtk_uart_write2:414:step=4096
send_response:3355:Send log frame: len=10
send_response:3356:Header: 90 40
send_response:3357:Event: 01 0E
send_response:3358:Length: 01 00 (1 bytes)
send_response:3362:value: 0x00
send_response:3369:CRC: 4A E8
send_response:3370:Footer: FF
handle_uart_frame:2575:------------------_>>>>>>>finish_send_response = 32.12,31.90
handle_uart_frame:2576:------------------_>>>>>>>now_delay = 31.971000
handle_uart_frame:2580:---------------------------------->>>>>>>>>isnot_spk_count = 71
qtk_uart_client_trsn_run:1408:--------------->>>>>>>>>>>>>first_to_secendTime= 363.36
RESP_STATE_DATA_LENGTH:date_len : 0
Received Checksum: 70 1A
qtk_uart_client_trsn_run:1501:----------------------now_delay = 0.10
handle_uart_frame:1704:Received event_code: 0x010B
handle_uart_frame:1705:-------=========================================---->>>>>
handle_uart_frame:2308:------------------_>>>>>>now_start_to_deal = 0.14,0.03
qtk_uart_client_isRunning:1637:=========================>>>>>>>>>>>>>>>>>>>>
qtk_uart_client_isRunning:1659:=========================>>>>>>>>>>>>>>>>>>>>
qtk_uart_client_isRunning:1661:=========================>>>>>>>>>>>>>>>>>>>>count=4
qtk_proc_write:730:input>[OUTPUT_INFOR]
qtk_proc_write:739:====>>>>qtk_proc_write end once=0
handle_uart_frame:2322:------------------_>>>>>>>now_delay = 31.61,31.50
handle_uart_frame:2324:------------------_>>>>>>>now_delay = 31.64,31.53
handle_uart_frame:2355:---------------------------------->>>>>>>>>isnot_spk_count = 72
qtk_uart_client_trsn_run:1408:--------------->>>>>>>>>>>>>first_to_secendTime= 4044.26
RESP_STATE_DATA_LENGTH:date_len : 4
data_index : 1
data_index : 2
data_index : 3
data_index : 4
RESP_STATE_DATA:date_len : 4
Received Checksum: 90 C7
qtk_uart_client_trsn_run:1501:----------------------now_delay = 0.14
handle_uart_frame:1704:Received event_code: 0x0101
handle_uart_frame:1705:-------=========================================---->>>>>
send_response:3308:------------------------------>>>>>>>>>>>>>
send_response:3350:------------------------------>>>>>>>>>>>>>
qtk_uart_write2:414:step=4096
send_response:3355:Send log frame: len=10
send_response:3356:Header: 90 40
send_response:3357:Event: 01 01
send_response:3358:Length: 01 00 (1 bytes)
send_response:3362:value: 0x00
send_response:3369:CRC: 49 FC
send_response:3370:Footer: FF
handle_uart_frame:1764:------------------_>>>>>>>finish_send_response = 1.83,1.66
handle_uart_frame:1769:---------------------------------->>>>>>>>>isnot_spk_count = 72
qtk_uart_client_trsn_run:1408:--------------->>>>>>>>>>>>>first_to_secendTime= 1.99
RESP_STATE_DATA_LENGTH:date_len : 4
data_index : 1
data_index : 2
data_index : 3
data_index : 4
RESP_STATE_DATA:date_len : 4
Received Checksum: 3A 7E
qtk_uart_client_trsn_run:1501:----------------------now_delay = 0.14
handle_uart_frame:1704:Received event_code: 0x011A
handle_uart_frame:1705:-------=========================================---->>>>>
send_response:3308:------------------------------>>>>>>>>>>>>>
send_response:3350:------------------------------>>>>>>>>>>>>>
qtk_uart_write2:414:step=4096
send_response:3355:Send log frame: len=10
send_response:3356:Header: 90 40
send_response:3357:Event: 01 1A
send_response:3358:Length: 01 00 (1 bytes)
send_response:3362:value: 0x03
send_response:3369:CRC: 0F 19
send_response:3370:Footer: FF
qtk_uart_client_trsn_run:1408:--------------->>>>>>>>>>>>>first_to_secendTime= 1.50
RESP_STATE_DATA_LENGTH:date_len : 1
data_index : 1
RESP_STATE_DATA:date_len : 1
Received Checksum: 89 0C
qtk_uart_client_trsn_run:1501:----------------------now_delay = 0.10
handle_uart_frame:1704:Received event_code: 0x0105
handle_uart_frame:1705:-------=========================================---->>>>>
handle_uart_frame:1890:------------------_>>>>>>now_start_to_deal = 0.20,0.08
handle_uart_frame:1931:================fread=[use_uart=1;
uart={
	dev=/dev/ttyS4; #串口节点
	baude=115200;#波特率
	c_flow=0;#流控(0 不使用| 1 硬件流控| 2 软件流控)
	bits=8; #数据位(5,6,7,8)
	parity=0;#校验位(0 不使用| 1 奇校验 | 2 偶检验)
	stop=1;#停止位(1 1停止位| 2 2停止位)
	step_size=4096;#每1ms 发送的字节数
};

VBOX3_ANS=1;
VBOX3_AGC=1;
VBOX3_AEC=1;
VBOX3_MIC=0;                                                       
VBOX3_SPK=1;                                         
VBOX3_LINEIN=0;
USE_LINEIN_SPK=0;
USE_LINEIN_MIC=1;
vbox3_aec_level=1;
vbox3_agc_level=0;
vbox3_anc_level=0;
mic_shift2=2.46;]
handle_uart_frame:1939:+========>>>>>>s=322 pc=V
qtk_uart_client_isRunning:1637:=========================>>>>>>>>>>>>>>>>>>>>
qtk_uart_client_isRunning:1659:=========================>>>>>>>>>>>>>>>>>>>>
qtk_uart_client_isRunning:1661:=========================>>>>>>>>>>>>>>>>>>>>count=4
qtk_proc_write:730:input>[SET_MICANC_ON]
qtk_proc_write:739:====>>>>qtk_proc_write end once=0
send_response:3308:------------------------------>>>>>>>>>>>>>
send_response:3350:------------------------------>>>>>>>>>>>>>
qtk_uart_write2:414:step=4096
send_response:3355:Send log frame: len=10
send_response:3356:Header: 90 40
send_response:3357:Event: 01 05
send_response:3358:Length: 01 00 (1 bytes)
send_response:3362:value: 0x00
send_response:3369:CRC: 48 CC
send_response:3370:Footer: FF
handle_uart_frame:1962:------------------_>>>>>>>finish_send_response = 41.72,41.61
handle_uart_frame:1970:------------------_>>>>>>>now_delay = 49.51,49.39
handle_uart_frame:1971:---------------------------------->>>>>>>>>isnot_spk_count = 73
qtk_uart_client_trsn_run:1408:--------------->>>>>>>>>>>>>first_to_secendTime= 49.66
RESP_STATE_DATA_LENGTH:date_len : 1
data_index : 1
RESP_STATE_DATA:date_len : 1
Received Checksum: 88 B4
qtk_uart_client_trsn_run:1501:----------------------now_delay = 0.11
handle_uart_frame:1704:Received event_code: 0x0107
handle_uart_frame:1705:-------=========================================---->>>>>
handle_uart_frame:2003:------------------_>>>>>>now_start_to_deal = 0.15,0.02
handle_uart_frame:2045:------------------_>>>>>>>now_delay = 0.23,0.10
handle_uart_frame:2049:------------------_>>>>>>>now_delay = 0.32,0.19
handle_uart_frame:2053:------------------_>>>>>>>now_delay = 0.38,0.25
handle_uart_frame:2058:+========>>>>>>s=335 pc=V
handle_uart_frame:2060:------------------_>>>>>>>now_delay = 0.44,0.31
qtk_uart_client_isRunning:1637:=========================>>>>>>>>>>>>>>>>>>>>
qtk_uart_client_isRunning:1659:=========================>>>>>>>>>>>>>>>>>>>>
qtk_uart_client_isRunning:1661:=========================>>>>>>>>>>>>>>>>>>>>count=4
qtk_proc_write:730:input>[SET_MICAGC_ON]
qtk_proc_write:739:====>>>>qtk_proc_write end once=0
handle_uart_frame:2080:------------------_>>>>>>>now_delay = 44.11,43.98
send_response:3308:------------------------------>>>>>>>>>>>>>
send_response:3350:------------------------------>>>>>>>>>>>>>
qtk_uart_write2:414:step=4096
send_response:3355:Send log frame: len=10
send_response:3356:Header: 90 40
send_response:3357:Event: 01 07
send_response:3358:Length: 01 00 (1 bytes)
send_response:3362:value: 0x00
send_response:3369:CRC: 49 74
send_response:3370:Footer: FF
handle_uart_frame:2082:------------------_>>>>>>>finish_send_response = 45.41,45.28
handle_uart_frame:2092:------------------_>>>>>>>now_delay = 48.89,48.76
handle_uart_frame:2093:---------------------------------->>>>>>>>>isnot_spk_count = 74
qtk_uart_client_trsn_run:1408:--------------->>>>>>>>>>>>>first_to_secendTime= 569.82
RESP_STATE_DATA_LENGTH:date_len : 1
data_index : 1
RESP_STATE_DATA:date_len : 1
Received Checksum: 4B 9C
qtk_uart_client_trsn_run:1501:----------------------now_delay = 0.13
handle_uart_frame:1704:Received event_code: 0x0109
handle_uart_frame:1705:-------=========================================---->>>>>
handle_uart_frame:2125:------------------_>>>>>>now_start_to_deal = 0.18,0.03
handle_uart_frame:2129:------------------_>>>>>>>now_delay = 0.30,0.14
handle_uart_frame:2132:================fread=[use_uart=1;
uart={
	dev=/dev/ttyS4; #串口节点
	baude=115200;#波特率
	c_flow=0;#流控(0 不使用| 1 硬件流控| 2 软件流控)
	bits=8; #数据位(5,6,7,8)
	parity=0;#校验位(0 不使用| 1 奇校验 | 2 偶检验)
	stop=1;#停止位(1 1停止位| 2 2停止位)
	step_size=4096;#每1ms 发送的字节数
};

VBOX3_ANS=1;
VBOX3_AGC=1;
VBOX3_AEC=1;
VBOX3_MIC=0;                                                       
VBOX3_SPK=1;                                         
VBOX3_LINEIN=0;
USE_LINEIN_SPK=0;
USE_LINEIN_MIC=1;
vbox3_aec_level=1;
vbox3_agc_level=0;
vbox3_anc_level=0;
mic_shift2=2.46;]
handle_uart_frame:2133:------------------_>>>>>>>now_delay = 0.59,0.44
handle_uart_frame:2140:+========>>>>>>s=348 pc=V
handle_uart_frame:2142:------------------_>>>>>>>now_delay = 0.69,0.54
handle_uart_frame:2144:------------------_>>>>>>>now_delay = 0.71,0.55
qtk_uart_client_isRunning:1637:=========================>>>>>>>>>>>>>>>>>>>>
qtk_uart_client_isRunning:1659:=========================>>>>>>>>>>>>>>>>>>>>
qtk_uart_client_isRunning:1661:=========================>>>>>>>>>>>>>>>>>>>>count=4
qtk_proc_write:730:input>[SET_MICAEC_OFF]
qtk_proc_write:739:====>>>>qtk_proc_write end once=0
handle_uart_frame:2158:------------------_>>>>>>>now_delay = 38.90,38.74
handle_uart_frame:2208:------------------_>>>>>>>now_delay = 38.97,38.81
send_response:3308:------------------------------>>>>>>>>>>>>>
send_response:3350:------------------------------>>>>>>>>>>>>>
qtk_uart_write2:414:step=4096
send_response:3355:Send log frame: len=10
send_response:3356:Header: 90 40
send_response:3357:Event: 01 09
send_response:3358:Length: 01 00 (1 bytes)
send_response:3362:value: 0x00
send_response:3369:CRC: 4B 9C
send_response:3370:Footer: FF
handle_uart_frame:2210:------------------_>>>>>>>finish_send_response = 40.25,40.09
handle_uart_frame:2220:------------------_>>>>>>>now_delay = 43.74,43.59
handle_uart_frame:2221:---------------------------------->>>>>>>>>isnot_spk_count = 75
qtk_uart_write2:414:step=4096
qtk_uart_client_trsn_run:1408:--------------->>>>>>>>>>>>>first_to_secendTime= 368.13
RESP_STATE_DATA_LENGTH:date_len : 0
Received Checksum: 80 1A
qtk_uart_client_trsn_run:1501:----------------------now_delay = 0.13
handle_uart_frame:1704:Received event_code: 0x0108
handle_uart_frame:1705:-------=========================================---->>>>>
handle_uart_frame:2228:------------------_>>>>>>now_start_to_deal = 0.23,0.08
handle_uart_frame:2230:------------------_>>>>>>>now_delay = 0.25,0.10
qtk_uart_client_get_arg:755:==================>>>>>>>1024
handle_uart_frame:2233:------------------_>>>>>>>now_delay = 0.49,0.35
handle_uart_frame:2234:AEC Response:AEC level 0
send_response:3308:------------------------------>>>>>>>>>>>>>
send_response:3350:------------------------------>>>>>>>>>>>>>
qtk_uart_write2:414:step=4096
send_response:3355:Send log frame: len=10
send_response:3356:Header: 90 40
send_response:3357:Event: 01 08
send_response:3358:Length: 01 00 (1 bytes)
send_response:3362:value: 0x00
send_response:3369:CRC: 4A 60
send_response:3370:Footer: FF
handle_uart_frame:2245:------------------_>>>>>>>finish_send_response = 1.75,1.61
handle_uart_frame:2247:------------------_>>>>>>>now_delay = 1.77,1.62
handle_uart_frame:2248:---------------------------------->>>>>>>>>isnot_spk_count = 76
qtk_uart_client_trsn_run:1408:--------------->>>>>>>>>>>>>first_to_secendTime= 325.06
RESP_STATE_DATA_LENGTH:date_len : 5
data_index : 1
data_index : 2
data_index : 3
data_index : 4
data_index : 5
RESP_STATE_DATA:date_len : 5
Received Checksum: 6F 69
qtk_uart_client_trsn_run:1501:----------------------now_delay = 0.17
handle_uart_frame:1704:Received event_code: 0x0112
handle_uart_frame:1705:-------=========================================---->>>>>
handle_uart_frame:2734:------------------_>>>>>>now_start_to_deal = 0.27,0.03
qtk_uart_client_isRunning:1637:=========================>>>>>>>>>>>>>>>>>>>>
qtk_uart_client_isRunning:1659:=========================>>>>>>>>>>>>>>>>>>>>
qtk_uart_client_isRunning:1661:=========================>>>>>>>>>>>>>>>>>>>>count=4
handle_uart_frame:2743:--------------SET_MICVOLUME==46
qtk_proc_write:730:input>[SET_MICVOLUME46]
qtk_proc_write:739:====>>>>qtk_proc_write end once=0
handle_uart_frame:2755:------------------_>>>>>>>now_delay = 31.90,31.66
send_response:3308:------------------------------>>>>>>>>>>>>>
send_response:3350:------------------------------>>>>>>>>>>>>>
qtk_uart_write2:414:step=4096
send_response:3355:Send log frame: len=10
send_response:3356:Header: 90 40
send_response:3357:Event: 01 12
send_response:3358:Length: 01 00 (1 bytes)
send_response:3362:value: 0x00
send_response:3369:CRC: 4D 78
send_response:3370:Footer: FF
handle_uart_frame:2757:------------------_>>>>>>>finish_send_response = 33.33,33.09
handle_uart_frame:2758:---------------------------------->>>>>>>>>isnot_spk_count = 77
qtk_uart_client_trsn_run:1408:--------------->>>>>>>>>>>>>first_to_secendTime= 359.59
RESP_STATE_DATA_LENGTH:date_len : 4
data_index : 1
data_index : 2
data_index : 3
data_index : 4
RESP_STATE_DATA:date_len : 4
Received Checksum: 90 7E
qtk_uart_client_trsn_run:1501:----------------------now_delay = 0.16
handle_uart_frame:1704:Received event_code: 0x0110
handle_uart_frame:1705:-------=========================================---->>>>>
handle_uart_frame:2717:------------------_>>>>>>now_start_to_deal = 0.20,0.03
handle_uart_frame:2721:------------------_>>>>>>>now_delay = 0.26,0.08
handle_uart_frame:2722:MIC volume_value: 0x2E
handle_uart_frame:2723:------------------_>>>>>>>now_delay = 0.28,0.11
send_response:3308:------------------------------>>>>>>>>>>>>>
send_response:3350:------------------------------>>>>>>>>>>>>>
qtk_uart_write2:414:step=4096
send_response:3355:Send log frame: len=10
send_response:3356:Header: 90 40
send_response:3357:Event: 01 10
send_response:3358:Length: 01 00 (1 bytes)
send_response:3362:value: 0x2E
send_response:3369:CRC: CC DC
send_response:3370:Footer: FF
handle_uart_frame:2725:------------------_>>>>>>>finish_send_response = 1.51,1.33
handle_uart_frame:2726:---------------------------------->>>>>>>>>isnot_spk_count = 78
qtk_uart_client_trsn_run:1408:--------------->>>>>>>>>>>>>first_to_secendTime= 332.59
RESP_STATE_DATA_LENGTH:date_len : 5
data_index : 1
data_index : 2
data_index : 3
data_index : 4
data_index : 5
RESP_STATE_DATA:date_len : 5
Received Checksum: 16 B1
qtk_uart_client_trsn_run:1501:----------------------now_delay = 0.21
handle_uart_frame:1704:Received event_code: 0x0113
handle_uart_frame:1705:-------=========================================---->>>>>
handle_uart_frame:2791:------------------>>>>>>31
handle_uart_frame:2799:------->echo 31 > /sys/bus/i2c/devices/3-006d/volume
handle_uart_frame:2807:------->echo 31 > /sys/bus/i2c/devices/3-0069/volume
send_response:3308:------------------------------>>>>>>>>>>>>>
send_response:3350:------------------------------>>>>>>>>>>>>>
qtk_uart_write2:414:step=4096
send_response:3355:Send log frame: len=10
send_response:3356:Header: 90 40
send_response:3357:Event: 01 13
send_response:3358:Length: 01 00 (1 bytes)
send_response:3362:value: 0x00
send_response:3369:CRC: 4C 84
send_response:3370:Footer: FF
handle_uart_frame:2809:------------------_>>>>>>>finish_send_response = 4.95,4.68
qtk_uart_client_trsn_run:1408:--------------->>>>>>>>>>>>>first_to_secendTime= 333.13
RESP_STATE_DATA_LENGTH:date_len : 4
data_index : 1
data_index : 2
data_index : 3
data_index : 4
RESP_STATE_DATA:date_len : 4
Received Checksum: 81 06
qtk_uart_client_trsn_run:1501:----------------------now_delay = 0.16
handle_uart_frame:1704:Received event_code: 0x0111
handle_uart_frame:1705:-------=========================================---->>>>>
handle_uart_frame:2769:------------------_>>>>>>now_start_to_deal = 0.21,0.03
handle_uart_frame:2774:------------------_>>>>>>>now_delay = 0.22,0.04
handle_uart_frame:2776:The value is: 31
handle_uart_frame:2780:------------------_>>>>>>>now_delay = 2.41,2.23
send_response:3308:------------------------------>>>>>>>>>>>>>
send_response:3350:------------------------------>>>>>>>>>>>>>
qtk_uart_write2:414:step=4096
send_response:3355:Send log frame: len=10
send_response:3356:Header: 90 40
send_response:3357:Event: 01 11
send_response:3358:Length: 01 00 (1 bytes)
send_response:3362:value: 0x1F
send_response:3369:CRC: 0C F4
send_response:3370:Footer: FF
handle_uart_frame:2782:------------------_>>>>>>>finish_send_response = 3.80,3.61
handle_uart_frame:2783:---------------------------------->>>>>>>>>isnot_spk_count = 79
qtk_uart_client_trsn_run:1408:--------------->>>>>>>>>>>>>first_to_secendTime= 331.71
RESP_STATE_DATA_LENGTH:date_len : 1
data_index : 1
RESP_STATE_DATA:date_len : 1
Received Checksum: CF AD
qtk_uart_client_trsn_run:1501:----------------------now_delay = 0.14
handle_uart_frame:1704:Received event_code: 0x011D
handle_uart_frame:1705:-------=========================================---->>>>>
apply_eq_from_json_text_wtk:196:[EQ][apply] main write code=0x05 ret=0 (freq=200.0, B=0, L=5)
apply_eq_from_json_text_wtk:207:[EQ][apply] bass write code=0x05 ret=0 (freq=200.0)
apply_eq_from_json_text_wtk:219:[EQ][apply] summary: total=1, wrote_main=1, wrote_bass=1
handle_uart_frame:3036:[EQ][011D] mode persisted: 2 (0:STD,1:WALL,2:RECESSED)
send_response:3308:------------------------------>>>>>>>>>>>>>
send_response:3350:------------------------------>>>>>>>>>>>>>
qtk_uart_write2:414:step=4096
send_response:3355:Send log frame: len=10
send_response:3356:Header: 90 40
send_response:3357:Event: 01 1D
send_response:3358:Length: 01 00 (1 bytes)
send_response:3362:value: 0x00
send_response:3369:CRC: 4E 6C
send_response:3370:Footer: FF
qtk_uart_write2:414:step=4096
qtk_uart_client_trsn_run:1408:--------------->>>>>>>>>>>>>first_to_secendTime= 376.08
RESP_STATE_DATA_LENGTH:date_len : 1
data_index : 1
RESP_STATE_DATA:date_len : 1
Received Checksum: 4F 90
qtk_uart_client_trsn_run:1501:----------------------now_delay = 0.17
handle_uart_frame:1704:Received event_code: 0x011C
handle_uart_frame:1705:-------=========================================---->>>>>
handle_uart_frame:2910:------------------_>>>>>>now_start_to_deal = 0.25,0.04
send_response:3308:------------------------------>>>>>>>>>>>>>
send_response:3350:------------------------------>>>>>>>>>>>>>
qtk_uart_write2:414:step=4096
send_response:3355:Send log frame: len=10
send_response:3356:Header: 90 40
send_response:3357:Event: 01 1C
send_response:3358:Length: 01 00 (1 bytes)
send_response:3362:value: 0x02
send_response:3369:CRC: CE 51
send_response:3370:Footer: FF
handle_uart_frame:2936:---------------------------------->>>>>>>>>isnot_spk_count = 81
qtk_uart_client_trsn_run:1408:--------------->>>>>>>>>>>>>first_to_secendTime= 335.30
RESP_STATE_DATA_LENGTH:date_len : 1
data_index : 1
RESP_STATE_DATA:date_len : 1
Received Checksum: 8E 14
qtk_uart_client_trsn_run:1501:----------------------now_delay = 0.15
handle_uart_frame:1704:Received event_code: 0x011F
handle_uart_frame:1705:-------=========================================---->>>>>
handle_uart_frame:3062:------------------_>>>>>>now_start_to_deal = 0.35,0.11
qtk_uart_client_isRunning:1637:=========================>>>>>>>>>>>>>>>>>>>>
qtk_uart_client_isRunning:1659:=========================>>>>>>>>>>>>>>>>>>>>
qtk_uart_client_isRunning:1661:=========================>>>>>>>>>>>>>>>>>>>>count=4
handle_uart_frame:3070:--------------SET_LINEOUTPATTERN=1
handle_uart_frame:3072:------------------_>>>>>>>now_delay = 31.23,30.98
qtk_proc_write:730:input>[SET_LINEOUTPATTERN1]
qtk_proc_write:739:====>>>>qtk_proc_write end once=0
handle_uart_frame:3077:------------------_>>>>>>>now_delay = 31.39,31.14
handle_uart_frame:3085:------------------_>>>>>>>now_delay = 31.40,31.16
handle_uart_frame:3087:----------------------now_delay = 131.54
send_response:3308:------------------------------>>>>>>>>>>>>>
send_response:3350:------------------------------>>>>>>>>>>>>>
qtk_uart_write2:414:step=4096
send_response:3355:Send log frame: len=10
send_response:3356:Header: 90 40
send_response:3357:Event: 01 1F
send_response:3358:Length: 01 00 (1 bytes)
send_response:3362:value: 0x00
send_response:3369:CRC: 4F D4
send_response:3370:Footer: FF
handle_uart_frame:3089:------------------_>>>>>>>finish_send_response = 132.93,132.69
handle_uart_frame:3090:---------------------------------->>>>>>>>>isnot_spk_count = 82
qtk_uart_client_trsn_run:1408:--------------->>>>>>>>>>>>>first_to_secendTime= 450.23
RESP_STATE_DATA_LENGTH:date_len : 1
data_index : 1
RESP_STATE_DATA:date_len : 1
Received Checksum: 4E 28
qtk_uart_client_trsn_run:1501:----------------------now_delay = 0.23
handle_uart_frame:1704:Received event_code: 0x011E
handle_uart_frame:1705:-------=========================================---->>>>>
handle_uart_frame:3050:------------------_>>>>>>now_start_to_deal = 0.42,0.05
send_response:3308:------------------------------>>>>>>>>>>>>>
send_response:3350:------------------------------>>>>>>>>>>>>>
qtk_uart_write2:414:step=4096
send_response:3355:Send log frame: len=10
send_response:3356:Header: 90 40
send_response:3357:Event: 01 1E
send_response:3358:Length: 01 00 (1 bytes)
send_response:3362:value: 0x01
send_response:3369:CRC: 8F E8
send_response:3370:Footer: FF
handle_uart_frame:3053:------------------_>>>>>>>finish_send_response = 1.85,1.48
handle_uart_frame:3054:---------------------------------->>>>>>>>>isnot_spk_count = 82
qtk_uart_client_trsn_run:1408:--------------->>>>>>>>>>>>>first_to_secendTime= 318.97
RESP_STATE_DATA_LENGTH:date_len : 4
data_index : 1
data_index : 2
data_index : 3
data_index : 4
RESP_STATE_DATA:date_len : 4
Received Checksum: 3A 7E
qtk_uart_client_trsn_run:1501:----------------------now_delay = 0.17
handle_uart_frame:1704:Received event_code: 0x011A
handle_uart_frame:1705:-------=========================================---->>>>>
send_response:3308:------------------------------>>>>>>>>>>>>>
send_response:3350:------------------------------>>>>>>>>>>>>>
qtk_uart_write2:414:step=4096
send_response:3355:Send log frame: len=10
send_response:3356:Header: 90 40
send_response:3357:Event: 01 1A
send_response:3358:Length: 01 00 (1 bytes)
send_response:3362:value: 0x01
send_response:3369:CRC: 8E D8
send_response:3370:Footer: FF
qtk_uart_client_trsn_run:1408:--------------->>>>>>>>>>>>>first_to_secendTime= 330.59
RESP_STATE_DATA_LENGTH:date_len : 5
data_index : 1
data_index : 2
data_index : 3
data_index : 4
data_index : 5
RESP_STATE_DATA:date_len : 5
Received Checksum: AE 35
qtk_uart_client_trsn_run:1501:----------------------now_delay = 0.31
handle_uart_frame:1704:Received event_code: 0x010C
handle_uart_frame:1705:-------=========================================---->>>>>
handle_uart_frame:2364:------------------_>>>>>>now_start_to_deal = 0.43,0.03
handle_uart_frame:2366:------------------_>>>>>>>now_delay = 0.45,0.05
qtk_uart_client_isRunning:1637:=========================>>>>>>>>>>>>>>>>>>>>
qtk_uart_client_isRunning:1659:=========================>>>>>>>>>>>>>>>>>>>>
qtk_uart_client_isRunning:1661:=========================>>>>>>>>>>>>>>>>>>>>count=4
handle_uart_frame:2397:------------------_>>>>>>>now_delay = 34.10,33.70
handle_uart_frame:2403:+========>>>>>>s=361 pc=V
handle_uart_frame:2408:------------------_>>>>>>>now_delay = 34.45,34.05
qtk_proc_write:730:input>[ENABLE_MIC]
qtk_proc_write:739:====>>>>qtk_proc_write end once=0
handle_uart_frame:2422:------------------_>>>>>>>now_delay = 34.51,34.11
send_response:3308:------------------------------>>>>>>>>>>>>>
send_response:3350:------------------------------>>>>>>>>>>>>>
qtk_uart_write2:414:step=4096
send_response:3355:Send log frame: len=10
send_response:3356:Header: 90 40
send_response:3357:Event: 01 0C
send_response:3358:Length: 01 00 (1 bytes)
send_response:3362:value: 0x00
send_response:3369:CRC: 4B 50
send_response:3370:Footer: FF
handle_uart_frame:2424:------------------_>>>>>>>finish_send_response = 35.85,35.45
handle_uart_frame:2431:------------------_>>>>>>>now_delay = 79.66,79.26
handle_uart_frame:2433:---------------------------------->>>>>>>>>isnot_spk_count = 83
qtk_uart_write2:414:step=4096
qtk_uart_client_trsn_run:1408:--------------->>>>>>>>>>>>>first_to_secendTime= 358.26
RESP_STATE_DATA_LENGTH:date_len : 0
Received Checksum: 70 1A
qtk_uart_client_trsn_run:1501:----------------------now_delay = 0.12
handle_uart_frame:1704:Received event_code: 0x010B
handle_uart_frame:1705:-------=========================================---->>>>>
handle_uart_frame:2308:------------------_>>>>>>now_start_to_deal = 0.16,0.03
qtk_uart_client_isRunning:1637:=========================>>>>>>>>>>>>>>>>>>>>
qtk_uart_client_isRunning:1659:=========================>>>>>>>>>>>>>>>>>>>>
qtk_uart_client_isRunning:1661:=========================>>>>>>>>>>>>>>>>>>>>count=4
qtk_proc_write:730:input>[OUTPUT_INFOR]
qtk_proc_write:739:====>>>>qtk_proc_write end once=0
handle_uart_frame:2322:------------------_>>>>>>>now_delay = 40.94,40.81
handle_uart_frame:2324:------------------_>>>>>>>now_delay = 40.98,40.84
handle_uart_frame:2355:---------------------------------->>>>>>>>>isnot_spk_count = 84
qtk_uart_client_trsn_run:1408:--------------->>>>>>>>>>>>>first_to_secendTime= 4156.11
RESP_STATE_DATA_LENGTH:date_len : 4
data_index : 1
data_index : 2
data_index : 3
data_index : 4
RESP_STATE_DATA:date_len : 4
Received Checksum: 90 C7
qtk_uart_client_trsn_run:1501:----------------------now_delay = 0.18
handle_uart_frame:1704:Received event_code: 0x0101
handle_uart_frame:1705:-------=========================================---->>>>>
send_response:3308:------------------------------>>>>>>>>>>>>>
send_response:3350:------------------------------>>>>>>>>>>>>>
qtk_uart_write2:414:step=4096
send_response:3355:Send log frame: len=10
send_response:3356:Header: 90 40
send_response:3357:Event: 01 01
send_response:3358:Length: 01 00 (1 bytes)
send_response:3362:value: 0x00
send_response:3369:CRC: 49 FC
send_response:3370:Footer: FF
handle_uart_frame:1764:------------------_>>>>>>>finish_send_response = 1.87,1.67
handle_uart_frame:1769:---------------------------------->>>>>>>>>isnot_spk_count = 84
qtk_uart_client_trsn_run:1408:--------------->>>>>>>>>>>>>first_to_secendTime= 2.02
RESP_STATE_DATA_LENGTH:date_len : 4
data_index : 1
data_index : 2
data_index : 3
data_index : 4
RESP_STATE_DATA:date_len : 4
Received Checksum: A2 7F
qtk_uart_client_trsn_run:1501:----------------------now_delay = 0.17
handle_uart_frame:1704:Received event_code: 0x0102
handle_uart_frame:1705:-------=========================================---->>>>>
handle_uart_frame:1802:------------------------resp = 0
send_response:3308:------------------------------>>>>>>>>>>>>>
send_response:3350:------------------------------>>>>>>>>>>>>>
qtk_uart_write2:414:step=4096
send_response:3355:Send log frame: len=10
send_response:3356:Header: 90 40
send_response:3357:Event: 01 02
send_response:3358:Length: 01 00 (1 bytes)
send_response:3362:value: 0x00
send_response:3369:CRC: 49 B8
send_response:3370:Footer: FF
handle_uart_frame:1821:---------------------------------->>>>>>>>>isnot_spk_count = 84
qtk_uart_client_trsn_run:1408:--------------->>>>>>>>>>>>>first_to_secendTime= 1.95
RESP_STATE_DATA_LENGTH:date_len : 5
data_index : 1
data_index : 2
data_index : 3
data_index : 4
data_index : 5
RESP_STATE_DATA:date_len : 5
Received Checksum: 2F E0
qtk_uart_client_trsn_run:1501:----------------------now_delay = 0.22
handle_uart_frame:1704:Received event_code: 0x010F
handle_uart_frame:1705:-------=========================================---->>>>>
handle_uart_frame:2588:------------------_>>>>>>now_start_to_deal = 0.30,0.05
qtk_uart_client_isRunning:1637:=========================>>>>>>>>>>>>>>>>>>>>
qtk_uart_client_isRunning:1659:=========================>>>>>>>>>>>>>>>>>>>>
qtk_uart_client_isRunning:1661:=========================>>>>>>>>>>>>>>>>>>>>count=4
handle_uart_frame:2593:------------------_>>>>>>>now_delay = 34.940000
handle_uart_frame:2600:+========>>>>>>s=517 pc=U
handle_uart_frame:2605:------------------_>>>>>>>now_delay = 35.55,35.30
handle_uart_frame:2609:------------------_>>>>>>>now_delay = 35.509000
qtk_proc_write:730:input>[ENABLE_LINEIN_MIC]
qtk_proc_write:739:====>>>>qtk_proc_write end once=0
handle_uart_frame:2652:------------------_>>>>>>>now_delay = 35.572000
send_response:3308:------------------------------>>>>>>>>>>>>>
send_response:3350:------------------------------>>>>>>>>>>>>>
qtk_uart_write2:414:step=4096
send_response:3355:Send log frame: len=10
send_response:3356:Header: 90 40
send_response:3357:Event: 01 0F
send_response:3358:Length: 01 00 (1 bytes)
send_response:3362:value: 0x00
send_response:3369:CRC: 4B 14
send_response:3370:Footer: FF
handle_uart_frame:2654:------------------_>>>>>>>finish_send_response = 37.24,36.99
handle_uart_frame:2655:---------------------------------->>>>>>>>>isnot_spk_count = 85
qtk_uart_client_trsn_run:1408:--------------->>>>>>>>>>>>>first_to_secendTime= 37.37
RESP_STATE_DATA_LENGTH:date_len : 1
data_index : 1
RESP_STATE_DATA:date_len : 1
Received Checksum: 4F 63
qtk_uart_client_trsn_run:1501:----------------------now_delay = 0.11
handle_uart_frame:1704:Received event_code: 0x0118
handle_uart_frame:1705:-------=========================================---->>>>>
handle_uart_frame:2862:------------------_>>>>>>now_start_to_deal = 0.15,0.03
qtk_uart_client_isRunning:1637:=========================>>>>>>>>>>>>>>>>>>>>
qtk_uart_client_isRunning:1659:=========================>>>>>>>>>>>>>>>>>>>>
qtk_uart_client_isRunning:1661:=========================>>>>>>>>>>>>>>>>>>>>count=4
handle_uart_frame:2865:------------------_>>>>>>>now_delay = 28.94,28.81
handle_uart_frame:2869:------------------_>>>>>>>now_delay = 29.03,28.90
handle_uart_frame:2872:-----------------frame->data[1]:4
handle_uart_frame:2873:------------------_>>>>>>>now_delay = 29.10,28.97
qtk_proc_write:730:input>[SPEAKER_CONRTOL04]
qtk_proc_write:739:====>>>>qtk_proc_write end once=0
handle_uart_frame:2876:------------------_>>>>>>>now_delay = 29.15,29.02
handle_uart_frame:2881:------------------_>>>>>>>now_delay = 29.16,29.03
send_response:3308:------------------------------>>>>>>>>>>>>>
send_response:3350:------------------------------>>>>>>>>>>>>>
qtk_uart_write2:414:step=4096
send_response:3355:Send log frame: len=10
send_response:3356:Header: 90 40
send_response:3357:Event: 01 18
send_response:3358:Length: 01 00 (1 bytes)
send_response:3362:value: 0x00
send_response:3369:CRC: 4E A0
send_response:3370:Footer: FF
handle_uart_frame:2883:------------------_>>>>>>>finish_send_response = 30.49,30.36
handle_uart_frame:2884:----------------------------->>>>>>>isnot_spk_count=86
qtk_uart_client_trsn_run:1408:--------------->>>>>>>>>>>>>first_to_secendTime= 30.60
RESP_STATE_DATA_LENGTH:date_len : 110
data_index : 1
data_index : 2
data_index : 3
data_index : 4
data_index : 5
data_index : 6
data_index : 7
data_index : 8
data_index : 9
data_index : 10
data_index : 11
data_index : 12
data_index : 13
data_index : 14
data_index : 15
data_index : 16
data_index : 17
data_index : 18
data_index : 19
data_index : 20
data_index : 21
data_index : 22
data_index : 23
data_index : 24
data_index : 25
data_index : 26
data_index : 27
data_index : 28
data_index : 29
data_index : 30
data_index : 31
data_index : 32
data_index : 33
data_index : 34
data_index : 35
data_index : 36
data_index : 37
data_index : 38
data_index : 39
data_index : 40
data_index : 41
data_index : 42
data_index : 43
data_index : 44
data_index : 45
data_index : 46
data_index : 47
data_index : 48
data_index : 49
data_index : 50
data_index : 51
data_index : 52
data_index : 53
data_index : 54
data_index : 55
data_index : 56
data_index : 57
data_index : 58
data_index : 59
data_index : 60
data_index : 61
data_index : 62
data_index : 63
data_index : 64
data_index : 65
data_index : 66
data_index : 67
data_index : 68
data_index : 69
data_index : 70
data_index : 71
data_index : 72
data_index : 73
data_index : 74
data_index : 75
data_index : 76
data_index : 77
data_index : 78
data_index : 79
data_index : 80
data_index : 81
data_index : 82
data_index : 83
data_index : 84
data_index : 85
data_index : 86
data_index : 87
data_index : 88
data_index : 89
data_index : 90
data_index : 91
data_index : 92
data_index : 93
data_index : 94
data_index : 95
data_index : 96
data_index : 97
data_index : 98
data_index : 99
data_index : 100
data_index : 101
data_index : 102
data_index : 103
data_index : 104
data_index : 105
data_index : 106
data_index : 107
data_index : 108
data_index : 109
data_index : 110
RESP_STATE_DATA:date_len : 110
Received Checksum: CD 31
qtk_uart_client_trsn_run:1501:----------------------now_delay = 1.52
handle_uart_frame:1704:Received event_code: 0x0103
handle_uart_frame:1705:-------=========================================---->>>>>
handle_uart_frame:1832:[EQ][0103] === Start EQ output setting ===
handle_uart_frame:1835:[EQ][0103] Step 1: Checking payload validity...
handle_uart_frame:1842:[EQ][0103] Payload check passed
handle_uart_frame:1845:[EQ][0103] Step 2: Sanitizing payload...
handle_uart_frame:1855:[EQ][0103] Payload sanitized. Length = 106
handle_uart_frame:1858:[EQ][0103] Step 3: Saving to file /oem/qdreamer/qsound/eq.json...
handle_uart_frame:1865:[EQ][0103] File saved successfully
handle_uart_frame:1868:[EQ][0103] Step 4: Applying EQ settings in current thread...
apply_eq_from_json_text_wtk:196:[EQ][apply] main write code=0x01 ret=0 (freq=200.0, B=0, L=1)
apply_eq_from_json_text_wtk:207:[EQ][apply] bass write code=0x01 ret=0 (freq=200.0)
apply_eq_from_json_text_wtk:196:[EQ][apply] main write code=0x14 ret=0 (freq=2000.0, B=1, L=4)
apply_eq_from_json_text_wtk:196:[EQ][apply] main write code=0x20 ret=0 (freq=6000.0, B=2, L=0)
apply_eq_from_json_text_wtk:219:[EQ][apply] summary: total=3, wrote_main=3, wrote_bass=1
handle_uart_frame:1876:[EQ][0103] EQ applied successfully
handle_uart_frame:1879:[EQ][0103] Step 5: Sending success response...
send_response:3308:------------------------------>>>>>>>>>>>>>
send_response:3350:------------------------------>>>>>>>>>>>>>
qtk_uart_write2:414:step=4096
send_response:3355:Send log frame: len=10
send_response:3356:Header: 90 40
send_response:3357:Event: 01 03
send_response:3358:Length: 01 00 (1 bytes)
send_response:3362:value: 0x00
send_response:3369:CRC: 48 44
send_response:3370:Footer: FF
handle_uart_frame:1883:[EQ][0103] === End EQ output setting ===
qtk_uart_client_trsn_run:1408:--------------->>>>>>>>>>>>>first_to_secendTime= 383.64
RESP_STATE_DATA_LENGTH:date_len : 5
data_index : 1
data_index : 2
data_index : 3
data_index : 4
data_index : 5
RESP_STATE_DATA:date_len : 5
Received Checksum: 56 2C
qtk_uart_client_trsn_run:1501:----------------------now_delay = 0.21
handle_uart_frame:1704:Received event_code: 0x010E
handle_uart_frame:1705:-------=========================================---->>>>>
handle_uart_frame:2522:------------------_>>>>>>now_start_to_deal = 0.31,0.07
qtk_uart_client_isRunning:1637:=========================>>>>>>>>>>>>>>>>>>>>
qtk_uart_client_isRunning:1659:=========================>>>>>>>>>>>>>>>>>>>>
qtk_uart_client_isRunning:1661:=========================>>>>>>>>>>>>>>>>>>>>count=4
handle_uart_frame:2555:+========>>>>>>s=483 pc=V
handle_uart_frame:2560:------------------_>>>>>>>now_delay = 33.77,33.54
handle_uart_frame:2565:------------------------->>>>>>>>>>>>>>>>>
qtk_proc_write:730:input>[ENABLE_LINEIN_KWS]
qtk_proc_write:739:====>>>>qtk_proc_write end once=0
handle_uart_frame:2573:------------------_>>>>>>>now_delay = 33.609000
send_response:3308:------------------------------>>>>>>>>>>>>>
send_response:3350:------------------------------>>>>>>>>>>>>>
qtk_uart_write2:414:step=4096
send_response:3355:Send log frame: len=10
send_response:3356:Header: 90 40
send_response:3357:Event: 01 0E
send_response:3358:Length: 01 00 (1 bytes)
send_response:3362:value: 0x00
send_response:3369:CRC: 4A E8
send_response:3370:Footer: FF
handle_uart_frame:2575:------------------_>>>>>>>finish_send_response = 35.16,34.92
handle_uart_frame:2576:------------------_>>>>>>>now_delay = 34.954000
handle_uart_frame:2580:---------------------------------->>>>>>>>>isnot_spk_count = 87
qtk_uart_client_trsn_run:1408:--------------->>>>>>>>>>>>>first_to_secendTime= 362.34
RESP_STATE_DATA_LENGTH:date_len : 5
data_index : 1
data_index : 2
data_index : 3
data_index : 4
data_index : 5
RESP_STATE_DATA:date_len : 5
Received Checksum: 16 39
qtk_uart_client_trsn_run:1501:----------------------now_delay = 0.16
handle_uart_frame:1704:Received event_code: 0x010D
handle_uart_frame:1705:-------=========================================---->>>>>
handle_uart_frame:2444:------------------_>>>>>>now_start_to_deal = 0.20,0.02
qtk_uart_client_isRunning:1637:=========================>>>>>>>>>>>>>>>>>>>>
qtk_uart_client_isRunning:1659:=========================>>>>>>>>>>>>>>>>>>>>
qtk_uart_client_isRunning:1661:=========================>>>>>>>>>>>>>>>>>>>>count=4
handle_uart_frame:2479:+========>>>>>>s=429 pc=V
handle_uart_frame:2488:------------------_>>>>>>>now_delay = 34.02,33.84
qtk_proc_write:730:input>[ENABLE_SPK]
qtk_proc_write:739:====>>>>qtk_proc_write end once=0
handle_uart_frame:2491:------------------_>>>>>>>now_delay = 34.09,33.91
handle_uart_frame:2498:------------------_>>>>>>>now_delay = 34.11,33.93
send_response:3308:------------------------------>>>>>>>>>>>>>
send_response:3350:------------------------------>>>>>>>>>>>>>
qtk_uart_write2:414:step=4096
send_response:3355:Send log frame: len=10
send_response:3356:Header: 90 40
send_response:3357:Event: 01 0D
send_response:3358:Length: 01 00 (1 bytes)
send_response:3362:value: 0x00
send_response:3369:CRC: 4A AC
send_response:3370:Footer: FF
handle_uart_frame:2500:------------------_>>>>>>>finish_send_response = 35.42,35.25
handle_uart_frame:2500:------------------_>>>>>>>now_delay = 35.46,35.28
handle_uart_frame:2508:------------------_>>>>>>>now_delay = 43.37,43.20
handle_uart_frame:2511:---------------------------------->>>>>>>>>isnot_spk_count = 89
send_audio_status_frame:312:-------------------------------->>>>>>
send_audio_status_frame:318:-------------------------------->>>>>>
send_audio_status_frame:326:-------------------------------->>>>>>
send_audio_status_frame:396:-------------------------------->>>>>>
send_response:3308:------------------------------>>>>>>>>>>>>>
send_response:3350:------------------------------>>>>>>>>>>>>>
qtk_uart_write2:414:step=4096
send_response:3355:Send log frame: len=147
send_response:3356:Header: 90 40
send_response:3357:Event: 01 16
send_response:3358:Length: 8A 00 (138 bytes)
send_response:3369:CRC: 33 32
send_response:3370:Footer: FF
send_audio_status_frame:399:-------------------------------->>>>>>
send_audio_status_frame:401:-------------------------------->>>>>>
qtk_uart_client_trsn_run:1408:--------------->>>>>>>>>>>>>first_to_secendTime= 360.96
RESP_STATE_DATA_LENGTH:date_len : 0
Received Checksum: 21 DA
qtk_uart_client_trsn_run:1501:----------------------now_delay = 0.10
handle_uart_frame:1704:Received event_code: 0x010A
handle_uart_frame:1705:-------=========================================---->>>>>
handle_uart_frame:2256:------------------_>>>>>>now_start_to_deal = 0.23,0.03
qtk_uart_client_isRunning:1637:=========================>>>>>>>>>>>>>>>>>>>>
qtk_uart_client_isRunning:1659:=========================>>>>>>>>>>>>>>>>>>>>
qtk_uart_client_isRunning:1661:=========================>>>>>>>>>>>>>>>>>>>>count=4
qtk_proc_write:730:input>[INPUT_INFOR]
qtk_proc_write:739:====>>>>qtk_proc_write end once=0
qtk_uart_write2:414:step=4096
handle_uart_frame:2300:---------------------------------->>>>>>>>>isnot_spk_count = 90
qtk_uart_client_trsn_run:1408:--------------->>>>>>>>>>>>>first_to_secendTime= 4820.60
RESP_STATE_DATA_LENGTH:date_len : 1
data_index : 1
RESP_STATE_DATA:date_len : 1
Received Checksum: 89 0C
qtk_uart_client_trsn_run:1501:----------------------now_delay = 0.11
handle_uart_frame:1704:Received event_code: 0x0105
handle_uart_frame:1705:-------=========================================---->>>>>
handle_uart_frame:1890:------------------_>>>>>>now_start_to_deal = 0.22,0.10
handle_uart_frame:1931:================fread=[use_uart=1;
uart={
	dev=/dev/ttyS4; #串口节点
	baude=115200;#波特率
	c_flow=0;#流控(0 不使用| 1 硬件流控| 2 软件流控)
	bits=8; #数据位(5,6,7,8)
	parity=0;#校验位(0 不使用| 1 奇校验 | 2 偶检验)
	stop=1;#停止位(1 1停止位| 2 2停止位)
	step_size=4096;#每1ms 发送的字节数
};

VBOX3_ANS=1;
VBOX3_AGC=1;
VBOX3_AEC=0;
VBOX3_MIC=1;                                                       
VBOX3_SPK=1;                                         
VBOX3_LINEIN=1;
USE_LINEIN_SPK=0;
USE_LINEIN_MIC=1;
vbox3_aec_level=1;
vbox3_agc_level=0;
vbox3_anc_level=0;
mic_shift2=2.46;]
handle_uart_frame:1939:+========>>>>>>s=322 pc=V
qtk_uart_client_isRunning:1637:=========================>>>>>>>>>>>>>>>>>>>>
qtk_uart_client_isRunning:1659:=========================>>>>>>>>>>>>>>>>>>>>
qtk_uart_client_isRunning:1661:=========================>>>>>>>>>>>>>>>>>>>>count=4
qtk_proc_write:730:input>[SET_MICANC_ON]
qtk_proc_write:739:====>>>>qtk_proc_write end once=0
send_response:3308:------------------------------>>>>>>>>>>>>>
send_response:3350:------------------------------>>>>>>>>>>>>>
qtk_uart_write2:414:step=4096
send_response:3355:Send log frame: len=10
send_response:3356:Header: 90 40
send_response:3357:Event: 01 05
send_response:3358:Length: 01 00 (1 bytes)
send_response:3362:value: 0x00
send_response:3369:CRC: 48 CC
send_response:3370:Footer: FF
handle_uart_frame:1962:------------------_>>>>>>>finish_send_response = 35.31,35.18
handle_uart_frame:1970:------------------_>>>>>>>now_delay = 42.76,42.64
handle_uart_frame:1971:---------------------------------->>>>>>>>>isnot_spk_count = 91
qtk_uart_client_trsn_run:1408:--------------->>>>>>>>>>>>>first_to_secendTime= 42.94
RESP_STATE_DATA_LENGTH:date_len : 1
data_index : 1
RESP_STATE_DATA:date_len : 1
Received Checksum: 88 B4
qtk_uart_client_trsn_run:1501:----------------------now_delay = 0.11
handle_uart_frame:1704:Received event_code: 0x0107
handle_uart_frame:1705:-------=========================================---->>>>>
handle_uart_frame:2003:------------------_>>>>>>now_start_to_deal = 0.24,0.03
handle_uart_frame:2045:------------------_>>>>>>>now_delay = 0.31,0.11
handle_uart_frame:2049:------------------_>>>>>>>now_delay = 0.41,0.20
handle_uart_frame:2053:------------------_>>>>>>>now_delay = 0.43,0.22
handle_uart_frame:2058:+========>>>>>>s=335 pc=V
handle_uart_frame:2060:------------------_>>>>>>>now_delay = 0.48,0.28
qtk_uart_client_isRunning:1637:=========================>>>>>>>>>>>>>>>>>>>>
qtk_uart_client_isRunning:1659:=========================>>>>>>>>>>>>>>>>>>>>
qtk_uart_client_isRunning:1661:=========================>>>>>>>>>>>>>>>>>>>>count=4
qtk_proc_write:730:input>[SET_MICAGC_ON]
qtk_proc_write:739:====>>>>qtk_proc_write end once=0
handle_uart_frame:2080:------------------_>>>>>>>now_delay = 31.78,31.58
send_response:3308:------------------------------>>>>>>>>>>>>>
send_response:3350:------------------------------>>>>>>>>>>>>>
qtk_uart_write2:414:step=4096
send_response:3355:Send log frame: len=10
send_response:3356:Header: 90 40
send_response:3357:Event: 01 07
send_response:3358:Length: 01 00 (1 bytes)
send_response:3362:value: 0x00
send_response:3369:CRC: 49 74
send_response:3370:Footer: FF
handle_uart_frame:2082:------------------_>>>>>>>finish_send_response = 33.12,32.92
handle_uart_frame:2092:------------------_>>>>>>>now_delay = 36.38,36.18
handle_uart_frame:2093:---------------------------------->>>>>>>>>isnot_spk_count = 92
qtk_uart_client_trsn_run:1408:--------------->>>>>>>>>>>>>first_to_secendTime= 36.51
RESP_STATE_DATA_LENGTH:date_len : 1
data_index : 1
RESP_STATE_DATA:date_len : 1
Received Checksum: 4B 9C
qtk_uart_client_trsn_run:1501:----------------------now_delay = 0.11
handle_uart_frame:1704:Received event_code: 0x0109
handle_uart_frame:1705:-------=========================================---->>>>>
handle_uart_frame:2125:------------------_>>>>>>now_start_to_deal = 0.16,0.03
handle_uart_frame:2129:------------------_>>>>>>>now_delay = 0.30,0.17
handle_uart_frame:2132:================fread=[use_uart=1;
uart={
	dev=/dev/ttyS4; #串口节点
	baude=115200;#波特率
	c_flow=0;#流控(0 不使用| 1 硬件流控| 2 软件流控)
	bits=8; #数据位(5,6,7,8)
	parity=0;#校验位(0 不使用| 1 奇校验 | 2 偶检验)
	stop=1;#停止位(1 1停止位| 2 2停止位)
	step_size=4096;#每1ms 发送的字节数
};

VBOX3_ANS=1;
VBOX3_AGC=1;
VBOX3_AEC=0;
VBOX3_MIC=1;                                                       
VBOX3_SPK=1;                                         
VBOX3_LINEIN=1;
USE_LINEIN_SPK=0;
USE_LINEIN_MIC=1;
vbox3_aec_level=1;
vbox3_agc_level=0;
vbox3_anc_level=0;
mic_shift2=2.46;]
handle_uart_frame:2133:------------------_>>>>>>>now_delay = 0.49,0.36
handle_uart_frame:2140:+========>>>>>>s=348 pc=V
handle_uart_frame:2142:------------------_>>>>>>>now_delay = 0.56,0.43
handle_uart_frame:2144:------------------_>>>>>>>now_delay = 0.57,0.44
qtk_uart_client_isRunning:1637:=========================>>>>>>>>>>>>>>>>>>>>
qtk_uart_client_isRunning:1659:=========================>>>>>>>>>>>>>>>>>>>>
qtk_uart_client_isRunning:1661:=========================>>>>>>>>>>>>>>>>>>>>count=4
qtk_proc_write:730:input>[SET_MICAEC_OFF]
qtk_proc_write:739:====>>>>qtk_proc_write end once=0
handle_uart_frame:2158:------------------_>>>>>>>now_delay = 32.04,31.91
handle_uart_frame:2208:------------------_>>>>>>>now_delay = 32.07,31.94
send_response:3308:------------------------------>>>>>>>>>>>>>
send_response:3350:------------------------------>>>>>>>>>>>>>
qtk_uart_write2:414:step=4096
send_response:3355:Send log frame: len=10
send_response:3356:Header: 90 40
send_response:3357:Event: 01 09
send_response:3358:Length: 01 00 (1 bytes)
send_response:3362:value: 0x00
send_response:3369:CRC: 4B 9C
send_response:3370:Footer: FF
handle_uart_frame:2210:------------------_>>>>>>>finish_send_response = 33.40,33.27
handle_uart_frame:2220:------------------_>>>>>>>now_delay = 36.68,36.55
handle_uart_frame:2221:---------------------------------->>>>>>>>>isnot_spk_count = 93
qtk_uart_client_trsn_run:1408:--------------->>>>>>>>>>>>>first_to_secendTime= 36.83
RESP_STATE_DATA_LENGTH:date_len : 5
data_index : 1
data_index : 2
data_index : 3
data_index : 4
data_index : 5
RESP_STATE_DATA:date_len : 5
Received Checksum: 6F 77
qtk_uart_client_trsn_run:1501:----------------------now_delay = 0.15
handle_uart_frame:1704:Received event_code: 0x0112
handle_uart_frame:1705:-------=========================================---->>>>>
handle_uart_frame:2734:------------------_>>>>>>now_start_to_deal = 0.18,0.02
qtk_uart_client_isRunning:1637:=========================>>>>>>>>>>>>>>>>>>>>
qtk_uart_client_isRunning:1659:=========================>>>>>>>>>>>>>>>>>>>>
qtk_uart_client_isRunning:1661:=========================>>>>>>>>>>>>>>>>>>>>count=4
handle_uart_frame:2743:--------------SET_MICVOLUME==6
qtk_proc_write:730:input>[SET_MICVOLUME6]
qtk_proc_write:739:====>>>>qtk_proc_write end once=0
handle_uart_frame:2755:------------------_>>>>>>>now_delay = 29.77,29.61
send_response:3308:------------------------------>>>>>>>>>>>>>
send_response:3350:------------------------------>>>>>>>>>>>>>
qtk_uart_write2:414:step=4096
send_response:3355:Send log frame: len=10
send_response:3356:Header: 90 40
send_response:3357:Event: 01 12
send_response:3358:Length: 01 00 (1 bytes)
send_response:3362:value: 0x00
send_response:3369:CRC: 4D 78
send_response:3370:Footer: FF
handle_uart_frame:2757:------------------_>>>>>>>finish_send_response = 31.12,30.96
handle_uart_frame:2758:---------------------------------->>>>>>>>>isnot_spk_count = 94
qtk_uart_client_trsn_run:1408:--------------->>>>>>>>>>>>>first_to_secendTime= 360.51
RESP_STATE_DATA_LENGTH:date_len : 5
data_index : 1
data_index : 2
data_index : 3
data_index : 4
data_index : 5
RESP_STATE_DATA:date_len : 5
Received Checksum: 57 67
qtk_uart_client_trsn_run:1501:----------------------now_delay = 0.22
handle_uart_frame:1704:Received event_code: 0x0113
handle_uart_frame:1705:-------=========================================---->>>>>
handle_uart_frame:2791:------------------>>>>>>40
handle_uart_frame:2799:------->echo 40 > /sys/bus/i2c/devices/3-006d/volume
handle_uart_frame:2807:------->echo 40 > /sys/bus/i2c/devices/3-0069/volume
send_response:3308:------------------------------>>>>>>>>>>>>>
send_response:3350:------------------------------>>>>>>>>>>>>>
qtk_uart_write2:414:step=4096
send_response:3355:Send log frame: len=10
send_response:3356:Header: 90 40
send_response:3357:Event: 01 13
send_response:3358:Length: 01 00 (1 bytes)
send_response:3362:value: 0x00
send_response:3369:CRC: 4C 84
send_response:3370:Footer: FF
handle_uart_frame:2809:------------------_>>>>>>>finish_send_response = 5.31,5.07
qtk_uart_client_trsn_run:1408:--------------->>>>>>>>>>>>>first_to_secendTime= 327.99
RESP_STATE_DATA_LENGTH:date_len : 4
data_index : 1
data_index : 2
data_index : 3
data_index : 4
RESP_STATE_DATA:date_len : 4
Received Checksum: 81 06
qtk_uart_client_trsn_run:1501:----------------------now_delay = 0.17
handle_uart_frame:1704:Received event_code: 0x0111
handle_uart_frame:1705:-------=========================================---->>>>>
handle_uart_frame:2769:------------------_>>>>>>now_start_to_deal = 0.31,0.03
handle_uart_frame:2774:------------------_>>>>>>>now_delay = 0.33,0.05
handle_uart_frame:2776:The value is: 40
handle_uart_frame:2780:------------------_>>>>>>>now_delay = 2.55,2.26
send_response:3308:------------------------------>>>>>>>>>>>>>
send_response:3350:------------------------------>>>>>>>>>>>>>
qtk_uart_write2:414:step=4096
send_response:3355:Send log frame: len=10
send_response:3356:Header: 90 40
send_response:3357:Event: 01 11
send_response:3358:Length: 01 00 (1 bytes)
send_response:3362:value: 0x28
send_response:3369:CRC: 4D 22
send_response:3370:Footer: FF
handle_uart_frame:2782:------------------_>>>>>>>finish_send_response = 3.97,3.68
handle_uart_frame:2783:---------------------------------->>>>>>>>>isnot_spk_count = 95
qtk_uart_client_trsn_run:1408:--------------->>>>>>>>>>>>>first_to_secendTime= 317.09
RESP_STATE_DATA_LENGTH:date_len : 1
data_index : 1
RESP_STATE_DATA:date_len : 1
Received Checksum: CF AD
qtk_uart_client_trsn_run:1501:----------------------now_delay = 0.15
handle_uart_frame:1704:Received event_code: 0x011D
handle_uart_frame:1705:-------=========================================---->>>>>
apply_eq_from_json_text_wtk:196:[EQ][apply] main write code=0x05 ret=0 (freq=200.0, B=0, L=5)
apply_eq_from_json_text_wtk:207:[EQ][apply] bass write code=0x05 ret=0 (freq=200.0)
apply_eq_from_json_text_wtk:219:[EQ][apply] summary: total=1, wrote_main=1, wrote_bass=1
handle_uart_frame:3036:[EQ][011D] mode persisted: 2 (0:STD,1:WALL,2:RECESSED)
send_response:3308:------------------------------>>>>>>>>>>>>>
send_response:3350:------------------------------>>>>>>>>>>>>>
qtk_uart_write2:414:step=4096
send_response:3355:Send log frame: len=10
send_response:3356:Header: 90 40
send_response:3357:Event: 01 1D
send_response:3358:Length: 01 00 (1 bytes)
send_response:3362:value: 0x00
send_response:3369:CRC: 4E 6C
send_response:3370:Footer: FF
qtk_uart_client_trsn_run:1408:--------------->>>>>>>>>>>>>first_to_secendTime= 374.17
RESP_STATE_DATA_LENGTH:date_len : 1
data_index : 1
RESP_STATE_DATA:date_len : 1
Received Checksum: 4F 90
qtk_uart_client_trsn_run:1501:----------------------now_delay = 0.14
handle_uart_frame:1704:Received event_code: 0x011C
handle_uart_frame:1705:-------=========================================---->>>>>
handle_uart_frame:2910:------------------_>>>>>>now_start_to_deal = 0.20,0.03
send_response:3308:------------------------------>>>>>>>>>>>>>
send_response:3350:------------------------------>>>>>>>>>>>>>
qtk_uart_write2:414:step=4096
send_response:3355:Send log frame: len=10
send_response:3356:Header: 90 40
send_response:3357:Event: 01 1C
send_response:3358:Length: 01 00 (1 bytes)
send_response:3362:value: 0x02
send_response:3369:CRC: CE 51
send_response:3370:Footer: FF
handle_uart_frame:2936:---------------------------------->>>>>>>>>isnot_spk_count = 97
qtk_uart_client_trsn_run:1408:--------------->>>>>>>>>>>>>first_to_secendTime= 328.43
RESP_STATE_DATA_LENGTH:date_len : 1
data_index : 1
RESP_STATE_DATA:date_len : 1
Received Checksum: 8E 14
qtk_uart_client_trsn_run:1501:----------------------now_delay = 0.14
handle_uart_frame:1704:Received event_code: 0x011F
handle_uart_frame:1705:-------=========================================---->>>>>
handle_uart_frame:3062:------------------_>>>>>>now_start_to_deal = 0.20,0.03
qtk_uart_client_isRunning:1637:=========================>>>>>>>>>>>>>>>>>>>>
qtk_uart_client_isRunning:1659:=========================>>>>>>>>>>>>>>>>>>>>
qtk_uart_client_isRunning:1661:=========================>>>>>>>>>>>>>>>>>>>>count=4
handle_uart_frame:3070:--------------SET_LINEOUTPATTERN=1
handle_uart_frame:3072:------------------_>>>>>>>now_delay = 31.03,30.86
qtk_proc_write:730:input>[SET_LINEOUTPATTERN1]
qtk_proc_write:739:====>>>>qtk_proc_write end once=0
handle_uart_frame:3077:------------------_>>>>>>>now_delay = 31.09,30.92
handle_uart_frame:3085:------------------_>>>>>>>now_delay = 31.19,31.02
qtk_uart_write2:414:step=4096
handle_uart_frame:3087:----------------------now_delay = 131.35
send_response:3308:------------------------------>>>>>>>>>>>>>
send_response:3350:------------------------------>>>>>>>>>>>>>
qtk_uart_write2:414:step=4096
send_response:3355:Send log frame: len=10
send_response:3356:Header: 90 40
send_response:3357:Event: 01 1F
send_response:3358:Length: 01 00 (1 bytes)
send_response:3362:value: 0x00
send_response:3369:CRC: 4F D4
send_response:3370:Footer: FF
handle_uart_frame:3089:------------------_>>>>>>>finish_send_response = 132.73,132.57
handle_uart_frame:3090:---------------------------------->>>>>>>>>isnot_spk_count = 98
qtk_uart_client_trsn_run:1408:--------------->>>>>>>>>>>>>first_to_secendTime= 456.73
RESP_STATE_DATA_LENGTH:date_len : 1
data_index : 1
RESP_STATE_DATA:date_len : 1
Received Checksum: 4E 28
qtk_uart_client_trsn_run:1501:----------------------now_delay = 0.23
handle_uart_frame:1704:Received event_code: 0x011E
handle_uart_frame:1705:-------=========================================---->>>>>
handle_uart_frame:3050:------------------_>>>>>>now_start_to_deal = 0.32,0.07
send_response:3308:------------------------------>>>>>>>>>>>>>
send_response:3350:------------------------------>>>>>>>>>>>>>
qtk_uart_write2:414:step=4096
send_response:3355:Send log frame: len=10
send_response:3356:Header: 90 40
send_response:3357:Event: 01 1E
send_response:3358:Length: 01 00 (1 bytes)
send_response:3362:value: 0x01
send_response:3369:CRC: 8F E8
send_response:3370:Footer: FF
handle_uart_frame:3053:------------------_>>>>>>>finish_send_response = 1.65,1.41
handle_uart_frame:3054:---------------------------------->>>>>>>>>isnot_spk_count = 98
qtk_uart_client_trsn_run:1408:--------------->>>>>>>>>>>>>first_to_secendTime= 329.28
RESP_STATE_DATA_LENGTH:date_len : 0
Received Checksum: 21 DA
qtk_uart_client_trsn_run:1501:----------------------now_delay = 0.16
handle_uart_frame:1704:Received event_code: 0x010A
handle_uart_frame:1705:-------=========================================---->>>>>
handle_uart_frame:2256:------------------_>>>>>>now_start_to_deal = 0.28,0.09
qtk_uart_client_isRunning:1637:=========================>>>>>>>>>>>>>>>>>>>>
qtk_uart_client_isRunning:1659:=========================>>>>>>>>>>>>>>>>>>>>
qtk_uart_client_isRunning:1661:=========================>>>>>>>>>>>>>>>>>>>>count=4
qtk_proc_write:730:input>[INPUT_INFOR]
qtk_proc_write:739:====>>>>qtk_proc_write end once=0
qtk_uart_write2:414:step=4096
handle_uart_frame:2300:---------------------------------->>>>>>>>>isnot_spk_count = 99
qtk_uart_client_trsn_run:1408:--------------->>>>>>>>>>>>>first_to_secendTime= 4389.04
RESP_STATE_DATA_LENGTH:date_len : 0
Received Checksum: 70 1A
qtk_uart_client_trsn_run:1501:----------------------now_delay = 0.19
handle_uart_frame:1704:Received event_code: 0x010B
handle_uart_frame:1705:-------=========================================---->>>>>
handle_uart_frame:2308:------------------_>>>>>>now_start_to_deal = 0.26,0.05
qtk_uart_client_isRunning:1637:=========================>>>>>>>>>>>>>>>>>>>>
qtk_uart_client_isRunning:1659:=========================>>>>>>>>>>>>>>>>>>>>
qtk_uart_client_isRunning:1661:=========================>>>>>>>>>>>>>>>>>>>>count=4
qtk_proc_write:730:input>[OUTPUT_INFOR]
qtk_proc_write:739:====>>>>qtk_proc_write end once=0
handle_uart_frame:2322:------------------_>>>>>>>now_delay = 43.06,42.84
handle_uart_frame:2324:------------------_>>>>>>>now_delay = 43.10,42.88
handle_uart_frame:2355:---------------------------------->>>>>>>>>isnot_spk_count = 100
qtk_uart_client_trsn_run:1408:--------------->>>>>>>>>>>>>first_to_secendTime= 4999.77
RESP_STATE_DATA_LENGTH:date_len : 4
data_index : 1
data_index : 2
data_index : 3
data_index : 4
RESP_STATE_DATA:date_len : 4
Received Checksum: 90 C7
qtk_uart_client_trsn_run:1501:----------------------now_delay = 0.30
handle_uart_frame:1704:Received event_code: 0x0101
handle_uart_frame:1705:-------=========================================---->>>>>
send_response:3308:------------------------------>>>>>>>>>>>>>
send_response:3350:------------------------------>>>>>>>>>>>>>
qtk_uart_write2:414:step=4096
send_response:3355:Send log frame: len=10
send_response:3356:Header: 90 40
send_response:3357:Event: 01 01
send_response:3358:Length: 01 00 (1 bytes)
send_response:3362:value: 0x00
send_response:3369:CRC: 49 FC
send_response:3370:Footer: FF
handle_uart_frame:1764:------------------_>>>>>>>finish_send_response = 2.26,1.93
handle_uart_frame:1769:---------------------------------->>>>>>>>>isnot_spk_count = 100
qtk_uart_client_trsn_run:1408:--------------->>>>>>>>>>>>>first_to_secendTime= 2.48
RESP_STATE_DATA_LENGTH:date_len : 5
data_index : 1
data_index : 2
data_index : 3
data_index : 4
data_index : 5
RESP_STATE_DATA:date_len : 5
Received Checksum: D7 F9
qtk_uart_client_trsn_run:1501:----------------------now_delay = 0.37
handle_uart_frame:1704:Received event_code: 0x010D
handle_uart_frame:1705:-------=========================================---->>>>>
handle_uart_frame:2444:------------------_>>>>>>now_start_to_deal = 0.46,0.05
qtk_uart_client_isRunning:1637:=========================>>>>>>>>>>>>>>>>>>>>
qtk_uart_client_isRunning:1659:=========================>>>>>>>>>>>>>>>>>>>>
qtk_uart_client_isRunning:1661:=========================>>>>>>>>>>>>>>>>>>>>count=4
handle_uart_frame:2455:+========>>>>>>s=429 pc=V
handle_uart_frame:2464:------------------_>>>>>>>now_delay = 41.94,41.53
qtk_proc_write:730:input>[UNENABLE_SPK]
qtk_proc_write:739:====>>>>qtk_proc_write end once=0
handle_uart_frame:2467:------------------_>>>>>>>now_delay = 42.01,41.60
handle_uart_frame:2498:------------------_>>>>>>>now_delay = 42.03,41.62
send_response:3308:------------------------------>>>>>>>>>>>>>
send_response:3350:------------------------------>>>>>>>>>>>>>
qtk_uart_write2:414:step=4096
send_response:3355:Send log frame: len=10
send_response:3356:Header: 90 40
send_response:3357:Event: 01 0D
send_response:3358:Length: 01 00 (1 bytes)
send_response:3362:value: 0x00
send_response:3369:CRC: 4A AC
send_response:3370:Footer: FF
handle_uart_frame:2500:------------------_>>>>>>>finish_send_response = 43.42,43.01
handle_uart_frame:2500:------------------_>>>>>>>now_delay = 43.45,43.04
handle_uart_frame:2508:------------------_>>>>>>>now_delay = 51.29,50.88
handle_uart_frame:2511:---------------------------------->>>>>>>>>isnot_spk_count = 102
send_audio_status_frame:312:-------------------------------->>>>>>
send_audio_status_frame:318:-------------------------------->>>>>>
send_audio_status_frame:326:-------------------------------->>>>>>
send_audio_status_frame:396:-------------------------------->>>>>>
send_response:3308:------------------------------>>>>>>>>>>>>>
send_response:3350:------------------------------>>>>>>>>>>>>>
qtk_uart_write2:414:step=4096
send_response:3355:Send log frame: len=148
send_response:3356:Header: 90 40
send_response:3357:Event: 01 16
send_response:3358:Length: 8B 00 (139 bytes)
send_response:3369:CRC: 8E 16
send_response:3370:Footer: FF
send_audio_status_frame:399:-------------------------------->>>>>>
send_audio_status_frame:401:-------------------------------->>>>>>
qtk_uart_client_trsn_run:1408:--------------->>>>>>>>>>>>>first_to_secendTime= 55.40
RESP_STATE_DATA_LENGTH:date_len : 5
data_index : 1
data_index : 2
data_index : 3
data_index : 4
data_index : 5
RESP_STATE_DATA:date_len : 5
Received Checksum: 2F E0
qtk_uart_client_trsn_run:1501:----------------------now_delay = 0.18
handle_uart_frame:1704:Received event_code: 0x010F
handle_uart_frame:1705:-------=========================================---->>>>>
handle_uart_frame:2588:------------------_>>>>>>now_start_to_deal = 0.25,0.03
qtk_uart_client_isRunning:1637:=========================>>>>>>>>>>>>>>>>>>>>
qtk_uart_client_isRunning:1659:=========================>>>>>>>>>>>>>>>>>>>>
qtk_uart_client_isRunning:1661:=========================>>>>>>>>>>>>>>>>>>>>count=4
handle_uart_frame:2593:------------------_>>>>>>>now_delay = 32.672000
handle_uart_frame:2600:+========>>>>>>s=517 pc=U
handle_uart_frame:2605:------------------_>>>>>>>now_delay = 33.11,32.90
handle_uart_frame:2609:------------------_>>>>>>>now_delay = 33.029000
qtk_proc_write:730:input>[ENABLE_LINEIN_MIC]
qtk_proc_write:739:====>>>>qtk_proc_write end once=0
handle_uart_frame:2652:------------------_>>>>>>>now_delay = 33.075000
send_response:3308:------------------------------>>>>>>>>>>>>>
send_response:3350:------------------------------>>>>>>>>>>>>>
qtk_uart_write2:414:step=4096
send_response:3355:Send log frame: len=10
send_response:3356:Header: 90 40
send_response:3357:Event: 01 0F
send_response:3358:Length: 01 00 (1 bytes)
send_response:3362:value: 0x00
send_response:3369:CRC: 4B 14
send_response:3370:Footer: FF
handle_uart_frame:2654:------------------_>>>>>>>finish_send_response = 34.58,34.36
handle_uart_frame:2655:---------------------------------->>>>>>>>>isnot_spk_count = 103
qtk_uart_client_trsn_run:1408:--------------->>>>>>>>>>>>>first_to_secendTime= 34.76
RESP_STATE_DATA_LENGTH:date_len : 4
data_index : 1
data_index : 2
data_index : 3
data_index : 4
RESP_STATE_DATA:date_len : 4
Received Checksum: 3A 7E
qtk_uart_client_trsn_run:1501:----------------------now_delay = 0.14
handle_uart_frame:1704:Received event_code: 0x011A
handle_uart_frame:1705:-------=========================================---->>>>>
send_response:3308:------------------------------>>>>>>>>>>>>>
send_response:3350:------------------------------>>>>>>>>>>>>>
qtk_uart_write2:414:step=4096
send_response:3355:Send log frame: len=10
send_response:3356:Header: 90 40
send_response:3357:Event: 01 1A
send_response:3358:Length: 01 00 (1 bytes)
send_response:3362:value: 0x01
send_response:3369:CRC: 8E D8
send_response:3370:Footer: FF
qtk_uart_client_trsn_run:1408:--------------->>>>>>>>>>>>>first_to_secendTime= 1.43
RESP_STATE_DATA_LENGTH:date_len : 5
data_index : 1
data_index : 2
data_index : 3
data_index : 4
data_index : 5
RESP_STATE_DATA:date_len : 5
Received Checksum: AE 35
qtk_uart_client_trsn_run:1501:----------------------now_delay = 0.14
handle_uart_frame:1704:Received event_code: 0x010C
handle_uart_frame:1705:-------=========================================---->>>>>
handle_uart_frame:2364:------------------_>>>>>>now_start_to_deal = 0.19,0.03
handle_uart_frame:2366:------------------_>>>>>>>now_delay = 0.20,0.05
qtk_uart_client_isRunning:1637:=========================>>>>>>>>>>>>>>>>>>>>
qtk_uart_client_isRunning:1659:=========================>>>>>>>>>>>>>>>>>>>>
qtk_uart_client_isRunning:1661:=========================>>>>>>>>>>>>>>>>>>>>count=4
handle_uart_frame:2397:------------------_>>>>>>>now_delay = 29.23,29.07
handle_uart_frame:2403:+========>>>>>>s=361 pc=V
handle_uart_frame:2408:------------------_>>>>>>>now_delay = 29.42,29.27
qtk_proc_write:730:input>[ENABLE_MIC]
qtk_proc_write:739:====>>>>qtk_proc_write end once=0
handle_uart_frame:2422:------------------_>>>>>>>now_delay = 29.52,29.37
send_response:3308:------------------------------>>>>>>>>>>>>>
send_response:3350:------------------------------>>>>>>>>>>>>>
qtk_uart_write2:414:step=4096
send_response:3355:Send log frame: len=10
send_response:3356:Header: 90 40
send_response:3357:Event: 01 0C
send_response:3358:Length: 01 00 (1 bytes)
send_response:3362:value: 0x00
send_response:3369:CRC: 4B 50
send_response:3370:Footer: FF
handle_uart_frame:2424:------------------_>>>>>>>finish_send_response = 30.85,30.70
handle_uart_frame:2431:------------------_>>>>>>>now_delay = 35.68,35.53
handle_uart_frame:2433:---------------------------------->>>>>>>>>isnot_spk_count = 104
qtk_uart_client_trsn_run:1408:--------------->>>>>>>>>>>>>first_to_secendTime= 35.87
RESP_STATE_DATA_LENGTH:date_len : 5
data_index : 1
data_index : 2
data_index : 3
data_index : 4
data_index : 5
RESP_STATE_DATA:date_len : 5
Received Checksum: 56 2C
qtk_uart_client_trsn_run:1501:----------------------now_delay = 0.15
handle_uart_frame:1704:Received event_code: 0x010E
handle_uart_frame:1705:-------=========================================---->>>>>
handle_uart_frame:2522:------------------_>>>>>>now_start_to_deal = 0.19,0.03
qtk_uart_client_isRunning:1637:=========================>>>>>>>>>>>>>>>>>>>>
qtk_uart_client_isRunning:1659:=========================>>>>>>>>>>>>>>>>>>>>
qtk_uart_client_isRunning:1661:=========================>>>>>>>>>>>>>>>>>>>>count=4
handle_uart_frame:2555:+========>>>>>>s=483 pc=V
handle_uart_frame:2560:------------------_>>>>>>>now_delay = 28.07,27.90
handle_uart_frame:2565:------------------------->>>>>>>>>>>>>>>>>
qtk_proc_write:730:input>[ENABLE_LINEIN_KWS]
qtk_proc_write:739:====>>>>qtk_proc_write end once=0
handle_uart_frame:2573:------------------_>>>>>>>now_delay = 27.973000
send_response:3308:------------------------------>>>>>>>>>>>>>
send_response:3350:------------------------------>>>>>>>>>>>>>
qtk_uart_write2:414:step=4096
send_response:3355:Send log frame: len=10
send_response:3356:Header: 90 40
send_response:3357:Event: 01 0E
send_response:3358:Length: 01 00 (1 bytes)
send_response:3362:value: 0x00
send_response:3369:CRC: 4A E8
send_response:3370:Footer: FF
handle_uart_frame:2575:------------------_>>>>>>>finish_send_response = 29.43,29.27
handle_uart_frame:2576:------------------_>>>>>>>now_delay = 29.321000
handle_uart_frame:2580:---------------------------------->>>>>>>>>isnot_spk_count = 105
qtk_uart_client_trsn_run:1408:--------------->>>>>>>>>>>>>first_to_secendTime= 29.67
RESP_STATE_DATA_LENGTH:date_len : 4
data_index : 1
data_index : 2
data_index : 3
data_index : 4
RESP_STATE_DATA:date_len : 4
Received Checksum: A2 7F
qtk_uart_client_trsn_run:1501:----------------------now_delay = 0.13
handle_uart_frame:1704:Received event_code: 0x0102
handle_uart_frame:1705:-------=========================================---->>>>>
handle_uart_frame:1802:------------------------resp = 0
send_response:3308:------------------------------>>>>>>>>>>>>>
send_response:3350:------------------------------>>>>>>>>>>>>>
qtk_uart_write2:414:step=4096
send_response:3355:Send log frame: len=10
send_response:3356:Header: 90 40
send_response:3357:Event: 01 02
send_response:3358:Length: 01 00 (1 bytes)
send_response:3362:value: 0x00
send_response:3369:CRC: 49 B8
send_response:3370:Footer: FF
handle_uart_frame:1821:---------------------------------->>>>>>>>>isnot_spk_count = 105
qtk_uart_client_trsn_run:1408:--------------->>>>>>>>>>>>>first_to_secendTime= 2.16
RESP_STATE_DATA_LENGTH:date_len : 110
data_index : 1
data_index : 2
data_index : 3
data_index : 4
data_index : 5
data_index : 6
data_index : 7
data_index : 8
data_index : 9
data_index : 10
data_index : 11
data_index : 12
data_index : 13
data_index : 14
data_index : 15
data_index : 16
data_index : 17
data_index : 18
data_index : 19
data_index : 20
data_index : 21
data_index : 22
data_index : 23
data_index : 24
data_index : 25
data_index : 26
data_index : 27
data_index : 28
data_index : 29
data_index : 30
data_index : 31
data_index : 32
data_index : 33
data_index : 34
data_index : 35
data_index : 36
data_index : 37
data_index : 38
data_index : 39
data_index : 40
data_index : 41
data_index : 42
data_index : 43
data_index : 44
data_index : 45
data_index : 46
data_index : 47
data_index : 48
data_index : 49
data_index : 50
data_index : 51
data_index : 52
data_index : 53
data_index : 54
data_index : 55
data_index : 56
data_index : 57
data_index : 58
data_index : 59
data_index : 60
data_index : 61
data_index : 62
data_index : 63
data_index : 64
data_index : 65
data_index : 66
data_index : 67
data_index : 68
data_index : 69
data_index : 70
data_index : 71
data_index : 72
data_index : 73
data_index : 74
data_index : 75
data_index : 76
data_index : 77
data_index : 78
data_index : 79
data_index : 80
data_index : 81
data_index : 82
data_index : 83
data_index : 84
data_index : 85
data_index : 86
data_index : 87
data_index : 88
data_index : 89
data_index : 90
data_index : 91
data_index : 92
data_index : 93
data_index : 94
data_index : 95
data_index : 96
data_index : 97
data_index : 98
data_index : 99
data_index : 100
data_index : 101
data_index : 102
data_index : 103
data_index : 104
data_index : 105
data_index : 106
data_index : 107
data_index : 108
data_index : 109
data_index : 110
RESP_STATE_DATA:date_len : 110
Received Checksum: CD 31
qtk_uart_client_trsn_run:1501:----------------------now_delay = 1.46
handle_uart_frame:1704:Received event_code: 0x0103
handle_uart_frame:1705:-------=========================================---->>>>>
handle_uart_frame:1832:[EQ][0103] === Start EQ output setting ===
handle_uart_frame:1835:[EQ][0103] Step 1: Checking payload validity...
handle_uart_frame:1842:[EQ][0103] Payload check passed
handle_uart_frame:1845:[EQ][0103] Step 2: Sanitizing payload...
handle_uart_frame:1855:[EQ][0103] Payload sanitized. Length = 106
handle_uart_frame:1858:[EQ][0103] Step 3: Saving to file /oem/qdreamer/qsound/eq.json...
handle_uart_frame:1865:[EQ][0103] File saved successfully
handle_uart_frame:1868:[EQ][0103] Step 4: Applying EQ settings in current thread...
apply_eq_from_json_text_wtk:196:[EQ][apply] main write code=0x01 ret=0 (freq=200.0, B=0, L=1)
apply_eq_from_json_text_wtk:207:[EQ][apply] bass write code=0x01 ret=0 (freq=200.0)
apply_eq_from_json_text_wtk:196:[EQ][apply] main write code=0x14 ret=0 (freq=2000.0, B=1, L=4)
apply_eq_from_json_text_wtk:196:[EQ][apply] main write code=0x20 ret=0 (freq=6000.0, B=2, L=0)
apply_eq_from_json_text_wtk:219:[EQ][apply] summary: total=3, wrote_main=3, wrote_bass=1
handle_uart_frame:1876:[EQ][0103] EQ applied successfully
handle_uart_frame:1879:[EQ][0103] Step 5: Sending success response...
send_response:3308:------------------------------>>>>>>>>>>>>>
send_response:3350:------------------------------>>>>>>>>>>>>>
qtk_uart_write2:414:step=4096
send_response:3355:Send log frame: len=10
send_response:3356:Header: 90 40
send_response:3357:Event: 01 03
send_response:3358:Length: 01 00 (1 bytes)
send_response:3362:value: 0x00
send_response:3369:CRC: 48 44
send_response:3370:Footer: FF
handle_uart_frame:1883:[EQ][0103] === End EQ output setting ===
qtk_uart_client_trsn_run:1408:--------------->>>>>>>>>>>>>first_to_secendTime= 55.82
RESP_STATE_DATA_LENGTH:date_len : 1
data_index : 1
RESP_STATE_DATA:date_len : 1
Received Checksum: 4F 63
qtk_uart_client_trsn_run:1501:----------------------now_delay = 0.10
handle_uart_frame:1704:Received event_code: 0x0118
handle_uart_frame:1705:-------=========================================---->>>>>
handle_uart_frame:2862:------------------_>>>>>>now_start_to_deal = 0.18,0.02
qtk_uart_client_isRunning:1637:=========================>>>>>>>>>>>>>>>>>>>>
qtk_uart_client_isRunning:1659:=========================>>>>>>>>>>>>>>>>>>>>
qtk_uart_client_isRunning:1661:=========================>>>>>>>>>>>>>>>>>>>>count=4
handle_uart_frame:2865:------------------_>>>>>>>now_delay = 28.92,28.77
handle_uart_frame:2869:------------------_>>>>>>>now_delay = 29.02,28.87
handle_uart_frame:2872:-----------------frame->data[1]:4
handle_uart_frame:2873:------------------_>>>>>>>now_delay = 29.05,28.90
qtk_proc_write:730:input>[SPEAKER_CONRTOL04]
qtk_proc_write:739:====>>>>qtk_proc_write end once=0
handle_uart_frame:2876:------------------_>>>>>>>now_delay = 29.10,28.94
handle_uart_frame:2881:------------------_>>>>>>>now_delay = 29.11,28.96
send_response:3308:------------------------------>>>>>>>>>>>>>
send_response:3350:------------------------------>>>>>>>>>>>>>
qtk_uart_write2:414:step=4096
send_response:3355:Send log frame: len=10
send_response:3356:Header: 90 40
send_response:3357:Event: 01 18
send_response:3358:Length: 01 00 (1 bytes)
send_response:3362:value: 0x00
send_response:3369:CRC: 4E A0
send_response:3370:Footer: FF
handle_uart_frame:2883:------------------_>>>>>>>finish_send_response = 30.48,30.32
handle_uart_frame:2884:----------------------------->>>>>>>isnot_spk_count=106
qtk_uart_client_trsn_run:1408:--------------->>>>>>>>>>>>>first_to_secendTime= 30.57
RESP_STATE_DATA_LENGTH:date_len : 1
data_index : 1
RESP_STATE_DATA:date_len : 1
Received Checksum: 48 CC
qtk_uart_client_trsn_run:1501:----------------------now_delay = 0.10
handle_uart_frame:1704:Received event_code: 0x0105
handle_uart_frame:1705:-------=========================================---->>>>>
handle_uart_frame:1890:------------------_>>>>>>now_start_to_deal = 0.15,0.03
handle_uart_frame:1896:================fread=[use_uart=1;
uart={
	dev=/dev/ttyS4; #串口节点
	baude=115200;#波特率
	c_flow=0;#流控(0 不使用| 1 硬件流控| 2 软件流控)
	bits=8; #数据位(5,6,7,8)
	parity=0;#校验位(0 不使用| 1 奇校验 | 2 偶检验)
	stop=1;#停止位(1 1停止位| 2 2停止位)
	step_size=4096;#每1ms 发送的字节数
};

VBOX3_ANS=1;
VBOX3_AGC=1;
VBOX3_AEC=0;
VBOX3_MIC=1;                                                       
VBOX3_SPK=0;                                         
VBOX3_LINEIN=1;
USE_LINEIN_SPK=0;
USE_LINEIN_MIC=1;
vbox3_aec_level=1;
vbox3_agc_level=0;
vbox3_anc_level=0;
mic_shift2=2.46;]
handle_uart_frame:1904:+========>>>>>>s=322 pc=V
qtk_uart_client_isRunning:1637:=========================>>>>>>>>>>>>>>>>>>>>
qtk_uart_client_isRunning:1659:=========================>>>>>>>>>>>>>>>>>>>>
qtk_uart_client_isRunning:1661:=========================>>>>>>>>>>>>>>>>>>>>count=4
qtk_proc_write:730:input>[SET_MICANC_OFF]
qtk_proc_write:739:====>>>>qtk_proc_write end once=0
handle_uart_frame:1926:------------------_>>>>>>>now_delay = 30.51,30.38
send_response:3308:------------------------------>>>>>>>>>>>>>
send_response:3350:------------------------------>>>>>>>>>>>>>
qtk_uart_write2:414:step=4096
send_response:3355:Send log frame: len=10
send_response:3356:Header: 90 40
send_response:3357:Event: 01 05
send_response:3358:Length: 01 00 (1 bytes)
send_response:3362:value: 0x00
send_response:3369:CRC: 48 CC
send_response:3370:Footer: FF
handle_uart_frame:1962:------------------_>>>>>>>finish_send_response = 31.79,31.67
handle_uart_frame:1970:------------------_>>>>>>>now_delay = 35.03,34.91
handle_uart_frame:1971:---------------------------------->>>>>>>>>isnot_spk_count = 107
qtk_uart_client_trsn_run:1408:--------------->>>>>>>>>>>>>first_to_secendTime= 457.90
RESP_STATE_DATA_LENGTH:date_len : 1
data_index : 1
RESP_STATE_DATA:date_len : 1
Received Checksum: 88 B4
qtk_uart_client_trsn_run:1501:----------------------now_delay = 0.14
handle_uart_frame:1704:Received event_code: 0x0107
handle_uart_frame:1705:-------=========================================---->>>>>
handle_uart_frame:2003:------------------_>>>>>>now_start_to_deal = 0.23,0.07
handle_uart_frame:2045:------------------_>>>>>>>now_delay = 0.36,0.20
handle_uart_frame:2049:------------------_>>>>>>>now_delay = 0.47,0.31
handle_uart_frame:2053:------------------_>>>>>>>now_delay = 0.49,0.33
handle_uart_frame:2058:+========>>>>>>s=335 pc=V
handle_uart_frame:2060:------------------_>>>>>>>now_delay = 0.55,0.39
qtk_uart_client_isRunning:1637:=========================>>>>>>>>>>>>>>>>>>>>
qtk_uart_client_isRunning:1659:=========================>>>>>>>>>>>>>>>>>>>>
qtk_uart_client_isRunning:1661:=========================>>>>>>>>>>>>>>>>>>>>count=4
qtk_proc_write:730:input>[SET_MICAGC_ON]
qtk_proc_write:739:====>>>>qtk_proc_write end once=0
handle_uart_frame:2080:------------------_>>>>>>>now_delay = 32.56,32.40
send_response:3308:------------------------------>>>>>>>>>>>>>
send_response:3350:------------------------------>>>>>>>>>>>>>
qtk_uart_write2:414:step=4096
send_response:3355:Send log frame: len=10
send_response:3356:Header: 90 40
send_response:3357:Event: 01 07
send_response:3358:Length: 01 00 (1 bytes)
send_response:3362:value: 0x00
send_response:3369:CRC: 49 74
send_response:3370:Footer: FF
handle_uart_frame:2082:------------------_>>>>>>>finish_send_response = 33.87,33.71
handle_uart_frame:2092:------------------_>>>>>>>now_delay = 37.11,36.94
handle_uart_frame:2093:---------------------------------->>>>>>>>>isnot_spk_count = 108
qtk_uart_client_trsn_run:1408:--------------->>>>>>>>>>>>>first_to_secendTime= 347.38
RESP_STATE_DATA_LENGTH:date_len : 0
Received Checksum: E1 D9
qtk_uart_client_trsn_run:1501:----------------------now_delay = 0.11
handle_uart_frame:1704:Received event_code: 0x0106
handle_uart_frame:1705:-------=========================================---->>>>>
handle_uart_frame:2101:------------------_>>>>>>now_start_to_deal = 0.15,0.03
handle_uart_frame:2103:------------------_>>>>>>>now_delay = 0.17,0.04
qtk_uart_client_get_arg:755:==================>>>>>>>1024
handle_uart_frame:2105:agc status: 1
handle_uart_frame:2107:------------------_>>>>>>>now_delay = 0.45,0.32
handle_uart_frame:2113:------------------_>>>>>>>now_delay = 0.47,0.34
send_response:3308:------------------------------>>>>>>>>>>>>>
send_response:3350:------------------------------>>>>>>>>>>>>>
qtk_uart_write2:414:step=4096
send_response:3355:Send log frame: len=10
send_response:3356:Header: 90 40
send_response:3357:Event: 01 06
send_response:3358:Length: 01 00 (1 bytes)
send_response:3362:value: 0x01
send_response:3369:CRC: 89 48
send_response:3370:Footer: FF
handle_uart_frame:2115:------------------_>>>>>>>finish_send_response = 1.84,1.72
handle_uart_frame:2118:---------------------------------->>>>>>>>>isnot_spk_count = 109
qtk_uart_client_trsn_run:1408:--------------->>>>>>>>>>>>>first_to_secendTime= 328.75
RESP_STATE_DATA_LENGTH:date_len : 1
data_index : 1
RESP_STATE_DATA:date_len : 1
Received Checksum: 4B 9C
qtk_uart_client_trsn_run:1501:----------------------now_delay = 0.15
handle_uart_frame:1704:Received event_code: 0x0109
handle_uart_frame:1705:-------=========================================---->>>>>
handle_uart_frame:2125:------------------_>>>>>>now_start_to_deal = 0.24,0.03
handle_uart_frame:2129:------------------_>>>>>>>now_delay = 0.33,0.12
handle_uart_frame:2132:================fread=[use_uart=1;
uart={
	dev=/dev/ttyS4; #串口节点
	baude=115200;#波特率
	c_flow=0;#流控(0 不使用| 1 硬件流控| 2 软件流控)
	bits=8; #数据位(5,6,7,8)
	parity=0;#校验位(0 不使用| 1 奇校验 | 2 偶检验)
	stop=1;#停止位(1 1停止位| 2 2停止位)
	step_size=4096;#每1ms 发送的字节数
};

VBOX3_ANS=0;
VBOX3_AGC=1;
VBOX3_AEC=0;
VBOX3_MIC=1;                                                       
VBOX3_SPK=0;                                         
VBOX3_LINEIN=1;
USE_LINEIN_SPK=0;
USE_LINEIN_MIC=1;
vbox3_aec_level=1;
vbox3_agc_level=0;
vbox3_anc_level=0;
mic_shift2=2.46;]
handle_uart_frame:2133:------------------_>>>>>>>now_delay = 0.45,0.23
handle_uart_frame:2140:+========>>>>>>s=348 pc=V
handle_uart_frame:2142:------------------_>>>>>>>now_delay = 0.53,0.32
handle_uart_frame:2144:------------------_>>>>>>>now_delay = 0.55,0.33
qtk_uart_client_isRunning:1637:=========================>>>>>>>>>>>>>>>>>>>>
qtk_uart_client_isRunning:1659:=========================>>>>>>>>>>>>>>>>>>>>
qtk_uart_client_isRunning:1661:=========================>>>>>>>>>>>>>>>>>>>>count=4
qtk_proc_write:730:input>[SET_MICAEC_OFF]
qtk_proc_write:739:====>>>>qtk_proc_write end once=0
handle_uart_frame:2158:------------------_>>>>>>>now_delay = 34.07,33.85
handle_uart_frame:2208:------------------_>>>>>>>now_delay = 34.10,33.89
send_response:3308:------------------------------>>>>>>>>>>>>>
send_response:3350:------------------------------>>>>>>>>>>>>>
qtk_uart_write2:414:step=4096
send_response:3355:Send log frame: len=10
send_response:3356:Header: 90 40
send_response:3357:Event: 01 09
send_response:3358:Length: 01 00 (1 bytes)
send_response:3362:value: 0x00
send_response:3369:CRC: 4B 9C
send_response:3370:Footer: FF
handle_uart_frame:2210:------------------_>>>>>>>finish_send_response = 35.64,35.43
handle_uart_frame:2220:------------------_>>>>>>>now_delay = 45.06,44.85
handle_uart_frame:2221:---------------------------------->>>>>>>>>isnot_spk_count = 110
qtk_uart_client_trsn_run:1408:--------------->>>>>>>>>>>>>first_to_secendTime= 359.90
RESP_STATE_DATA_LENGTH:date_len : 0
Received Checksum: 80 1A
qtk_uart_client_trsn_run:1501:----------------------now_delay = 0.16
handle_uart_frame:1704:Received event_code: 0x0108
handle_uart_frame:1705:-------=========================================---->>>>>
handle_uart_frame:2228:------------------_>>>>>>now_start_to_deal = 0.25,0.03
handle_uart_frame:2230:------------------_>>>>>>>now_delay = 0.27,0.04
qtk_uart_client_get_arg:755:==================>>>>>>>1024
handle_uart_frame:2233:------------------_>>>>>>>now_delay = 0.47,0.24
handle_uart_frame:2234:AEC Response:AEC level 0
send_response:3308:------------------------------>>>>>>>>>>>>>
send_response:3350:------------------------------>>>>>>>>>>>>>
qtk_uart_write2:414:step=4096
send_response:3355:Send log frame: len=10
send_response:3356:Header: 90 40
send_response:3357:Event: 01 08
send_response:3358:Length: 01 00 (1 bytes)
send_response:3362:value: 0x00
send_response:3369:CRC: 4A 60
send_response:3370:Footer: FF
handle_uart_frame:2245:------------------_>>>>>>>finish_send_response = 1.99,1.77
handle_uart_frame:2247:------------------_>>>>>>>now_delay = 2.02,1.79
handle_uart_frame:2248:---------------------------------->>>>>>>>>isnot_spk_count = 111
qtk_uart_client_trsn_run:1408:--------------->>>>>>>>>>>>>first_to_secendTime= 329.61
RESP_STATE_DATA_LENGTH:date_len : 5
data_index : 1
data_index : 2
data_index : 3
data_index : 4
data_index : 5
RESP_STATE_DATA:date_len : 5
Received Checksum: 2F 6D
qtk_uart_client_trsn_run:1501:----------------------now_delay = 0.17
handle_uart_frame:1704:Received event_code: 0x0112
handle_uart_frame:1705:-------=========================================---->>>>>
handle_uart_frame:2734:------------------_>>>>>>now_start_to_deal = 0.27,0.03
qtk_uart_client_isRunning:1637:=========================>>>>>>>>>>>>>>>>>>>>
qtk_uart_client_isRunning:1659:=========================>>>>>>>>>>>>>>>>>>>>
qtk_uart_client_isRunning:1661:=========================>>>>>>>>>>>>>>>>>>>>count=4
handle_uart_frame:2743:--------------SET_MICVOLUME==33
qtk_proc_write:730:input>[SET_MICVOLUME33]
qtk_proc_write:739:====>>>>qtk_proc_write end once=0
handle_uart_frame:2755:------------------_>>>>>>>now_delay = 44.03,43.80
send_response:3308:------------------------------>>>>>>>>>>>>>
send_response:3350:------------------------------>>>>>>>>>>>>>
qtk_uart_write2:414:step=4096
send_response:3355:Send log frame: len=10
send_response:3356:Header: 90 40
send_response:3357:Event: 01 12
send_response:3358:Length: 01 00 (1 bytes)
send_response:3362:value: 0x00
send_response:3369:CRC: 4D 78
send_response:3370:Footer: FF
handle_uart_frame:2757:------------------_>>>>>>>finish_send_response = 45.39,45.16
handle_uart_frame:2758:---------------------------------->>>>>>>>>isnot_spk_count = 112
qtk_uart_client_trsn_run:1408:--------------->>>>>>>>>>>>>first_to_secendTime= 371.96
RESP_STATE_DATA_LENGTH:date_len : 4
data_index : 1
data_index : 2
data_index : 3
data_index : 4
RESP_STATE_DATA:date_len : 4
Received Checksum: 90 7E
qtk_uart_client_trsn_run:1501:----------------------now_delay = 0.19
handle_uart_frame:1704:Received event_code: 0x0110
handle_uart_frame:1705:-------=========================================---->>>>>
handle_uart_frame:2717:------------------_>>>>>>now_start_to_deal = 0.24,0.03
handle_uart_frame:2721:------------------_>>>>>>>now_delay = 0.26,0.04
handle_uart_frame:2722:MIC volume_value: 0x21
handle_uart_frame:2723:------------------_>>>>>>>now_delay = 0.28,0.06
send_response:3308:------------------------------>>>>>>>>>>>>>
send_response:3350:------------------------------>>>>>>>>>>>>>
qtk_uart_write2:414:step=4096
send_response:3355:Send log frame: len=10
send_response:3356:Header: 90 40
send_response:3357:Event: 01 10
send_response:3358:Length: 01 00 (1 bytes)
send_response:3362:value: 0x21
send_response:3369:CRC: 8C D8
send_response:3370:Footer: FF
handle_uart_frame:2725:------------------_>>>>>>>finish_send_response = 1.63,1.41
handle_uart_frame:2726:---------------------------------->>>>>>>>>isnot_spk_count = 113
qtk_uart_client_trsn_run:1408:--------------->>>>>>>>>>>>>first_to_secendTime= 325.20
RESP_STATE_DATA_LENGTH:date_len : 5
data_index : 1
data_index : 2
data_index : 3
data_index : 4
data_index : 5
RESP_STATE_DATA:date_len : 5
Received Checksum: 96 85
qtk_uart_client_trsn_run:1501:----------------------now_delay = 0.17
handle_uart_frame:1704:Received event_code: 0x0113
handle_uart_frame:1705:-------=========================================---->>>>>
handle_uart_frame:2791:------------------>>>>>>81
handle_uart_frame:2799:------->echo 81 > /sys/bus/i2c/devices/3-006d/volume
handle_uart_frame:2807:------->echo 81 > /sys/bus/i2c/devices/3-0069/volume
send_response:3308:------------------------------>>>>>>>>>>>>>
send_response:3350:------------------------------>>>>>>>>>>>>>
qtk_uart_write2:414:step=4096
send_response:3355:Send log frame: len=10
send_response:3356:Header: 90 40
send_response:3357:Event: 01 13
send_response:3358:Length: 01 00 (1 bytes)
send_response:3362:value: 0x00
send_response:3369:CRC: 4C 84
send_response:3370:Footer: FF
handle_uart_frame:2809:------------------_>>>>>>>finish_send_response = 5.54,5.35
qtk_uart_client_trsn_run:1408:--------------->>>>>>>>>>>>>first_to_secendTime= 322.08
RESP_STATE_DATA_LENGTH:date_len : 4
data_index : 1
data_index : 2
data_index : 3
data_index : 4
RESP_STATE_DATA:date_len : 4
Received Checksum: 81 06
qtk_uart_client_trsn_run:1501:----------------------now_delay = 0.15
handle_uart_frame:1704:Received event_code: 0x0111
handle_uart_frame:1705:-------=========================================---->>>>>
handle_uart_frame:2769:------------------_>>>>>>now_start_to_deal = 0.19,0.02
handle_uart_frame:2774:------------------_>>>>>>>now_delay = 0.21,0.04
handle_uart_frame:2776:The value is: 81
handle_uart_frame:2780:------------------_>>>>>>>now_delay = 2.33,2.16
send_response:3308:------------------------------>>>>>>>>>>>>>
send_response:3350:------------------------------>>>>>>>>>>>>>
qtk_uart_write2:414:step=4096
send_response:3355:Send log frame: len=10
send_response:3356:Header: 90 40
send_response:3357:Event: 01 11
send_response:3358:Length: 01 00 (1 bytes)
send_response:3362:value: 0x51
send_response:3369:CRC: 8C C0
send_response:3370:Footer: FF
handle_uart_frame:2782:------------------_>>>>>>>finish_send_response = 3.60,3.44
handle_uart_frame:2783:---------------------------------->>>>>>>>>isnot_spk_count = 114
qtk_uart_client_trsn_run:1408:--------------->>>>>>>>>>>>>first_to_secendTime= 318.46
RESP_STATE_DATA_LENGTH:date_len : 1
data_index : 1
RESP_STATE_DATA:date_len : 1
Received Checksum: CF AD
qtk_uart_client_trsn_run:1501:----------------------now_delay = 0.15
handle_uart_frame:1704:Received event_code: 0x011D
handle_uart_frame:1705:-------=========================================---->>>>>
apply_eq_from_json_text_wtk:196:[EQ][apply] main write code=0x05 ret=0 (freq=200.0, B=0, L=5)
apply_eq_from_json_text_wtk:207:[EQ][apply] bass write code=0x05 ret=0 (freq=200.0)
apply_eq_from_json_text_wtk:219:[EQ][apply] summary: total=1, wrote_main=1, wrote_bass=1
handle_uart_frame:3036:[EQ][011D] mode persisted: 2 (0:STD,1:WALL,2:RECESSED)
send_response:3308:------------------------------>>>>>>>>>>>>>
send_response:3350:------------------------------>>>>>>>>>>>>>
qtk_uart_write2:414:step=4096
send_response:3355:Send log frame: len=10
send_response:3356:Header: 90 40
send_response:3357:Event: 01 1D
send_response:3358:Length: 01 00 (1 bytes)
send_response:3362:value: 0x00
send_response:3369:CRC: 4E 6C
send_response:3370:Footer: FF
qtk_uart_client_trsn_run:1408:--------------->>>>>>>>>>>>>first_to_secendTime= 375.60
RESP_STATE_DATA_LENGTH:date_len : 1
data_index : 1
RESP_STATE_DATA:date_len : 1
Received Checksum: 4F 90
qtk_uart_client_trsn_run:1501:----------------------now_delay = 0.18
handle_uart_frame:1704:Received event_code: 0x011C
handle_uart_frame:1705:-------=========================================---->>>>>
handle_uart_frame:2910:------------------_>>>>>>now_start_to_deal = 0.33,0.04
send_response:3308:------------------------------>>>>>>>>>>>>>
send_response:3350:------------------------------>>>>>>>>>>>>>
qtk_uart_write2:414:step=4096
send_response:3355:Send log frame: len=10
send_response:3356:Header: 90 40
send_response:3357:Event: 01 1C
send_response:3358:Length: 01 00 (1 bytes)
send_response:3362:value: 0x02
send_response:3369:CRC: CE 51
send_response:3370:Footer: FF
handle_uart_frame:2936:---------------------------------->>>>>>>>>isnot_spk_count = 116
qtk_uart_client_trsn_run:1408:--------------->>>>>>>>>>>>>first_to_secendTime= 367.97
RESP_STATE_DATA_LENGTH:date_len : 1
data_index : 1
RESP_STATE_DATA:date_len : 1
Received Checksum: 0F D5
qtk_uart_client_trsn_run:1501:----------------------now_delay = 0.12
handle_uart_frame:1704:Received event_code: 0x011F
handle_uart_frame:1705:-------=========================================---->>>>>
handle_uart_frame:3062:------------------_>>>>>>now_start_to_deal = 0.25,0.11
qtk_uart_client_isRunning:1637:=========================>>>>>>>>>>>>>>>>>>>>
qtk_uart_client_isRunning:1659:=========================>>>>>>>>>>>>>>>>>>>>
qtk_uart_client_isRunning:1661:=========================>>>>>>>>>>>>>>>>>>>>count=4
handle_uart_frame:3070:--------------SET_LINEOUTPATTERN=3
handle_uart_frame:3072:------------------_>>>>>>>now_delay = 41.38,41.23
qtk_proc_write:730:input>[SET_LINEOUTPATTERN3]
qtk_proc_write:739:====>>>>qtk_proc_write end once=0
handle_uart_frame:3077:------------------_>>>>>>>now_delay = 41.56,41.42
handle_uart_frame:3085:------------------_>>>>>>>now_delay = 41.58,41.44
handle_uart_frame:3087:----------------------now_delay = 141.76
send_response:3308:------------------------------>>>>>>>>>>>>>
send_response:3350:------------------------------>>>>>>>>>>>>>
qtk_uart_write2:414:step=4096
send_response:3355:Send log frame: len=10
send_response:3356:Header: 90 40
send_response:3357:Event: 01 1F
send_response:3358:Length: 01 00 (1 bytes)
send_response:3362:value: 0x00
send_response:3369:CRC: 4F D4
send_response:3370:Footer: FF
handle_uart_frame:3089:------------------_>>>>>>>finish_send_response = 143.30,143.16
handle_uart_frame:3090:---------------------------------->>>>>>>>>isnot_spk_count = 117
qtk_uart_client_trsn_run:1408:--------------->>>>>>>>>>>>>first_to_secendTime= 468.79
RESP_STATE_DATA_LENGTH:date_len : 1
data_index : 1
RESP_STATE_DATA:date_len : 1
Received Checksum: 4E 28
qtk_uart_client_trsn_run:1501:----------------------now_delay = 0.52
handle_uart_frame:1704:Received event_code: 0x011E
handle_uart_frame:1705:-------=========================================---->>>>>
handle_uart_frame:3050:------------------_>>>>>>now_start_to_deal = 0.76,0.03
send_response:3308:------------------------------>>>>>>>>>>>>>
send_response:3350:------------------------------>>>>>>>>>>>>>
qtk_uart_write2:414:step=4096
send_response:3355:Send log frame: len=10
send_response:3356:Header: 90 40
send_response:3357:Event: 01 1E
send_response:3358:Length: 01 00 (1 bytes)
send_response:3362:value: 0x03
send_response:3369:CRC: 0E 29
send_response:3370:Footer: FF
handle_uart_frame:3053:------------------_>>>>>>>finish_send_response = 2.27,1.54
handle_uart_frame:3054:---------------------------------->>>>>>>>>isnot_spk_count = 117
qtk_uart_client_trsn_run:1408:--------------->>>>>>>>>>>>>first_to_secendTime= 324.48
RESP_STATE_DATA_LENGTH:date_len : 5
data_index : 1
data_index : 2
data_index : 3
data_index : 4
data_index : 5
RESP_STATE_DATA:date_len : 5
Received Checksum: D7 F9
qtk_uart_client_trsn_run:1501:----------------------now_delay = 0.17
handle_uart_frame:1704:Received event_code: 0x010D
handle_uart_frame:1705:-------=========================================---->>>>>
handle_uart_frame:2444:------------------_>>>>>>now_start_to_deal = 0.22,0.03
qtk_uart_client_isRunning:1637:=========================>>>>>>>>>>>>>>>>>>>>
qtk_uart_client_isRunning:1659:=========================>>>>>>>>>>>>>>>>>>>>
qtk_uart_client_isRunning:1661:=========================>>>>>>>>>>>>>>>>>>>>count=4
handle_uart_frame:2455:+========>>>>>>s=429 pc=V
handle_uart_frame:2464:------------------_>>>>>>>now_delay = 38.11,37.92
qtk_proc_write:730:input>[UNENABLE_SPK]
qtk_proc_write:739:====>>>>qtk_proc_write end once=0
handle_uart_frame:2467:------------------_>>>>>>>now_delay = 38.18,37.99
handle_uart_frame:2498:------------------_>>>>>>>now_delay = 38.19,38.00
send_response:3308:------------------------------>>>>>>>>>>>>>
send_response:3350:------------------------------>>>>>>>>>>>>>
qtk_uart_write2:414:step=4096
send_response:3355:Send log frame: len=10
send_response:3356:Header: 90 40
send_response:3357:Event: 01 0D
send_response:3358:Length: 01 00 (1 bytes)
send_response:3362:value: 0x00
send_response:3369:CRC: 4A AC
send_response:3370:Footer: FF
handle_uart_frame:2500:------------------_>>>>>>>finish_send_response = 39.53,39.34
handle_uart_frame:2500:------------------_>>>>>>>now_delay = 39.58,39.38
handle_uart_frame:2508:------------------_>>>>>>>now_delay = 49.94,49.74
handle_uart_frame:2511:---------------------------------->>>>>>>>>isnot_spk_count = 119
send_audio_status_frame:312:-------------------------------->>>>>>
send_audio_status_frame:318:-------------------------------->>>>>>
send_audio_status_frame:326:-------------------------------->>>>>>
send_audio_status_frame:396:-------------------------------->>>>>>
send_response:3308:------------------------------>>>>>>>>>>>>>
send_response:3350:------------------------------>>>>>>>>>>>>>
qtk_uart_write2:414:step=4096
send_response:3355:Send log frame: len=148
send_response:3356:Header: 90 40
send_response:3357:Event: 01 16
send_response:3358:Length: 8B 00 (139 bytes)
send_response:3369:CRC: 30 24
send_response:3370:Footer: FF
send_audio_status_frame:399:-------------------------------->>>>>>
send_audio_status_frame:401:-------------------------------->>>>>>
qtk_uart_client_trsn_run:1408:--------------->>>>>>>>>>>>>first_to_secendTime= 362.55
RESP_STATE_DATA_LENGTH:date_len : 0
Received Checksum: 21 DA
qtk_uart_client_trsn_run:1501:----------------------now_delay = 0.20
handle_uart_frame:1704:Received event_code: 0x010A
handle_uart_frame:1705:-------=========================================---->>>>>
handle_uart_frame:2256:------------------_>>>>>>now_start_to_deal = 0.27,0.03
qtk_uart_client_isRunning:1637:=========================>>>>>>>>>>>>>>>>>>>>
qtk_uart_client_isRunning:1659:=========================>>>>>>>>>>>>>>>>>>>>
qtk_uart_client_isRunning:1661:=========================>>>>>>>>>>>>>>>>>>>>count=4
qtk_proc_write:730:input>[INPUT_INFOR]
qtk_proc_write:739:====>>>>qtk_proc_write end once=0
qtk_uart_write2:414:step=4096
qtk_uart_write2:414:step=4096
handle_uart_frame:2300:---------------------------------->>>>>>>>>isnot_spk_count = 120
qtk_uart_client_trsn_run:1408:--------------->>>>>>>>>>>>>first_to_secendTime= 4688.47
RESP_STATE_DATA_LENGTH:date_len : 5
data_index : 1
data_index : 2
data_index : 3
data_index : 4
data_index : 5
RESP_STATE_DATA:date_len : 5
Received Checksum: 2F E0
qtk_uart_client_trsn_run:1501:----------------------now_delay = 0.16
handle_uart_frame:1704:Received event_code: 0x010F
handle_uart_frame:1705:-------=========================================---->>>>>
handle_uart_frame:2588:------------------_>>>>>>now_start_to_deal = 0.26,0.03
qtk_uart_client_isRunning:1637:=========================>>>>>>>>>>>>>>>>>>>>
qtk_uart_client_isRunning:1659:=========================>>>>>>>>>>>>>>>>>>>>
qtk_uart_client_isRunning:1661:=========================>>>>>>>>>>>>>>>>>>>>count=4
handle_uart_frame:2593:------------------_>>>>>>>now_delay = 30.898000
handle_uart_frame:2600:+========>>>>>>s=517 pc=U
handle_uart_frame:2605:------------------_>>>>>>>now_delay = 31.36,31.13
handle_uart_frame:2609:------------------_>>>>>>>now_delay = 31.189000
qtk_proc_write:730:input>[ENABLE_LINEIN_MIC]
qtk_proc_write:739:====>>>>qtk_proc_write end once=0
handle_uart_frame:2652:------------------_>>>>>>>now_delay = 31.236000
send_response:3308:------------------------------>>>>>>>>>>>>>
send_response:3350:------------------------------>>>>>>>>>>>>>
qtk_uart_write2:414:step=4096
send_response:3355:Send log frame: len=10
send_response:3356:Header: 90 40
send_response:3357:Event: 01 0F
send_response:3358:Length: 01 00 (1 bytes)
send_response:3362:value: 0x00
send_response:3369:CRC: 4B 14
send_response:3370:Footer: FF
handle_uart_frame:2654:------------------_>>>>>>>finish_send_response = 32.87,32.64
handle_uart_frame:2655:---------------------------------->>>>>>>>>isnot_spk_count = 121
qtk_uart_client_trsn_run:1408:--------------->>>>>>>>>>>>>first_to_secendTime= 32.99
RESP_STATE_DATA_LENGTH:date_len : 4
data_index : 1
data_index : 2
data_index : 3
data_index : 4
RESP_STATE_DATA:date_len : 4
Received Checksum: A2 7F
qtk_uart_client_trsn_run:1501:----------------------now_delay = 0.13
handle_uart_frame:1704:Received event_code: 0x0102
handle_uart_frame:1705:-------=========================================---->>>>>
handle_uart_frame:1802:------------------------resp = 0
send_response:3308:------------------------------>>>>>>>>>>>>>
send_response:3350:------------------------------>>>>>>>>>>>>>
qtk_uart_write2:414:step=4096
qtk_uart_write2:414:step=4096
send_response:3355:Send log frame: len=10
send_response:3356:Header: 90 40
send_response:3357:Event: 01 02
send_response:3358:Length: 01 00 (1 bytes)
send_response:3362:value: 0x00
send_response:3369:CRC: 49 B8
send_response:3370:Footer: FF
handle_uart_frame:1821:---------------------------------->>>>>>>>>isnot_spk_count = 121
qtk_uart_client_trsn_run:1408:--------------->>>>>>>>>>>>>first_to_secendTime= 1.91
RESP_STATE_DATA_LENGTH:date_len : 4
data_index : 1
data_index : 2
data_index : 3
data_index : 4
RESP_STATE_DATA:date_len : 4
Received Checksum: 3A 7E
qtk_uart_client_trsn_run:1501:----------------------now_delay = 0.13
handle_uart_frame:1704:Received event_code: 0x011A
handle_uart_frame:1705:-------=========================================---->>>>>
send_response:3308:------------------------------>>>>>>>>>>>>>
send_response:3350:------------------------------>>>>>>>>>>>>>
qtk_uart_write2:414:step=4096
send_response:3355:Send log frame: len=10
send_response:3356:Header: 90 40
send_response:3357:Event: 01 1A
send_response:3358:Length: 01 00 (1 bytes)
send_response:3362:value: 0x03
send_response:3369:CRC: 0F 19
send_response:3370:Footer: FF
qtk_uart_client_trsn_run:1408:--------------->>>>>>>>>>>>>first_to_secendTime= 1.56
RESP_STATE_DATA_LENGTH:date_len : 5
data_index : 1
data_index : 2
data_index : 3
data_index : 4
data_index : 5
RESP_STATE_DATA:date_len : 5
Received Checksum: AE 35
qtk_uart_client_trsn_run:1501:----------------------now_delay = 0.22
handle_uart_frame:1704:Received event_code: 0x010C
handle_uart_frame:1705:-------=========================================---->>>>>
handle_uart_frame:2364:------------------_>>>>>>now_start_to_deal = 0.27,0.02
handle_uart_frame:2366:------------------_>>>>>>>now_delay = 0.29,0.04
qtk_uart_client_isRunning:1637:=========================>>>>>>>>>>>>>>>>>>>>
qtk_uart_client_isRunning:1659:=========================>>>>>>>>>>>>>>>>>>>>
qtk_uart_client_isRunning:1661:=========================>>>>>>>>>>>>>>>>>>>>count=4
handle_uart_frame:2397:------------------_>>>>>>>now_delay = 32.67,32.43
handle_uart_frame:2403:+========>>>>>>s=361 pc=V
handle_uart_frame:2408:------------------_>>>>>>>now_delay = 32.92,32.67
qtk_proc_write:730:input>[ENABLE_MIC]
qtk_proc_write:739:====>>>>qtk_proc_write end once=0
handle_uart_frame:2422:------------------_>>>>>>>now_delay = 32.97,32.73
send_response:3308:------------------------------>>>>>>>>>>>>>
send_response:3350:------------------------------>>>>>>>>>>>>>
qtk_uart_write2:414:step=4096
send_response:3355:Send log frame: len=10
send_response:3356:Header: 90 40
send_response:3357:Event: 01 0C
send_response:3358:Length: 01 00 (1 bytes)
send_response:3362:value: 0x00
send_response:3369:CRC: 4B 50
send_response:3370:Footer: FF
handle_uart_frame:2424:------------------_>>>>>>>finish_send_response = 34.30,34.06
handle_uart_frame:2431:------------------_>>>>>>>now_delay = 70.29,70.05
handle_uart_frame:2433:---------------------------------->>>>>>>>>isnot_spk_count = 122
qtk_uart_client_trsn_run:1408:--------------->>>>>>>>>>>>>first_to_secendTime= 70.49
RESP_STATE_DATA_LENGTH:date_len : 110
data_index : 1
data_index : 2
data_index : 3
data_index : 4
data_index : 5
data_index : 6
data_index : 7
data_index : 8
data_index : 9
data_index : 10
data_index : 11
data_index : 12
data_index : 13
data_index : 14
data_index : 15
data_index : 16
data_index : 17
data_index : 18
data_index : 19
data_index : 20
data_index : 21
data_index : 22
data_index : 23
data_index : 24
data_index : 25
data_index : 26
data_index : 27
data_index : 28
data_index : 29
data_index : 30
data_index : 31
data_index : 32
data_index : 33
data_index : 34
data_index : 35
data_index : 36
data_index : 37
data_index : 38
data_index : 39
data_index : 40
data_index : 41
data_index : 42
data_index : 43
data_index : 44
data_index : 45
data_index : 46
data_index : 47
data_index : 48
data_index : 49
data_index : 50
data_index : 51
data_index : 52
data_index : 53
data_index : 54
data_index : 55
data_index : 56
data_index : 57
data_index : 58
data_index : 59
data_index : 60
data_index : 61
data_index : 62
data_index : 63
data_index : 64
data_index : 65
data_index : 66
data_index : 67
data_index : 68
data_index : 69
data_index : 70
data_index : 71
data_index : 72
data_index : 73
data_index : 74
data_index : 75
data_index : 76
data_index : 77
data_index : 78
data_index : 79
data_index : 80
data_index : 81
data_index : 82
data_index : 83
data_index : 84
data_index : 85
data_index : 86
data_index : 87
data_index : 88
data_index : 89
data_index : 90
data_index : 91
data_index : 92
data_index : 93
data_index : 94
data_index : 95
data_index : 96
data_index : 97
data_index : 98
data_index : 99
data_index : 100
data_index : 101
data_index : 102
data_index : 103
data_index : 104
data_index : 105
data_index : 106
data_index : 107
data_index : 108
data_index : 109
data_index : 110
RESP_STATE_DATA:date_len : 110
Received Checksum: CD 31
qtk_uart_client_trsn_run:1501:----------------------now_delay = 1.51
handle_uart_frame:1704:Received event_code: 0x0103
handle_uart_frame:1705:-------=========================================---->>>>>
handle_uart_frame:1832:[EQ][0103] === Start EQ output setting ===
handle_uart_frame:1835:[EQ][0103] Step 1: Checking payload validity...
handle_uart_frame:1842:[EQ][0103] Payload check passed
handle_uart_frame:1845:[EQ][0103] Step 2: Sanitizing payload...
handle_uart_frame:1855:[EQ][0103] Payload sanitized. Length = 106
handle_uart_frame:1858:[EQ][0103] Step 3: Saving to file /oem/qdreamer/qsound/eq.json...
handle_uart_frame:1865:[EQ][0103] File saved successfully
handle_uart_frame:1868:[EQ][0103] Step 4: Applying EQ settings in current thread...
apply_eq_from_json_text_wtk:196:[EQ][apply] main write code=0x01 ret=0 (freq=200.0, B=0, L=1)
apply_eq_from_json_text_wtk:207:[EQ][apply] bass write code=0x01 ret=0 (freq=200.0)
apply_eq_from_json_text_wtk:196:[EQ][apply] main write code=0x14 ret=0 (freq=2000.0, B=1, L=4)
apply_eq_from_json_text_wtk:196:[EQ][apply] main write code=0x20 ret=0 (freq=6000.0, B=2, L=0)
apply_eq_from_json_text_wtk:219:[EQ][apply] summary: total=3, wrote_main=3, wrote_bass=1
handle_uart_frame:1876:[EQ][0103] EQ applied successfully
handle_uart_frame:1879:[EQ][0103] Step 5: Sending success response...
send_response:3308:------------------------------>>>>>>>>>>>>>
send_response:3350:------------------------------>>>>>>>>>>>>>
qtk_uart_write2:414:step=4096
send_response:3355:Send log frame: len=10
send_response:3356:Header: 90 40
send_response:3357:Event: 01 03
send_response:3358:Length: 01 00 (1 bytes)
send_response:3362:value: 0x00
send_response:3369:CRC: 48 44
send_response:3370:Footer: FF
handle_uart_frame:1883:[EQ][0103] === End EQ output setting ===
qtk_uart_client_trsn_run:1408:--------------->>>>>>>>>>>>>first_to_secendTime= 98.61
RESP_STATE_DATA_LENGTH:date_len : 1
data_index : 1
RESP_STATE_DATA:date_len : 1
Received Checksum: CF 61
qtk_uart_client_trsn_run:1501:----------------------now_delay = 0.12
handle_uart_frame:1704:Received event_code: 0x0118
handle_uart_frame:1705:-------=========================================---->>>>>
handle_uart_frame:2862:------------------_>>>>>>now_start_to_deal = 0.21,0.03
qtk_uart_client_isRunning:1637:=========================>>>>>>>>>>>>>>>>>>>>
qtk_uart_client_isRunning:1659:=========================>>>>>>>>>>>>>>>>>>>>
qtk_uart_client_isRunning:1661:=========================>>>>>>>>>>>>>>>>>>>>count=4
handle_uart_frame:2865:------------------_>>>>>>>now_delay = 30.44,30.26
handle_uart_frame:2869:------------------_>>>>>>>now_delay = 30.52,30.34
handle_uart_frame:2872:-----------------frame->data[1]:2
handle_uart_frame:2873:------------------_>>>>>>>now_delay = 30.55,30.37
qtk_proc_write:730:input>[SPEAKER_CONRTOL02]
qtk_proc_write:739:====>>>>qtk_proc_write end once=0
handle_uart_frame:2876:------------------_>>>>>>>now_delay = 30.59,30.41
handle_uart_frame:2881:------------------_>>>>>>>now_delay = 30.61,30.43
send_response:3308:------------------------------>>>>>>>>>>>>>
send_response:3350:------------------------------>>>>>>>>>>>>>
qtk_uart_write2:414:step=4096
send_response:3355:Send log frame: len=10
send_response:3356:Header: 90 40
send_response:3357:Event: 01 18
send_response:3358:Length: 01 00 (1 bytes)
send_response:3362:value: 0x00
send_response:3369:CRC: 4E A0
send_response:3370:Footer: FF
handle_uart_frame:2883:------------------_>>>>>>>finish_send_response = 32.12,31.95
handle_uart_frame:2884:----------------------------->>>>>>>isnot_spk_count=123
qtk_uart_client_trsn_run:1408:--------------->>>>>>>>>>>>>first_to_secendTime= 357.97
RESP_STATE_DATA_LENGTH:date_len : 5
data_index : 1
data_index : 2
data_index : 3
data_index : 4
data_index : 5
RESP_STATE_DATA:date_len : 5
Received Checksum: 56 2C
qtk_uart_client_trsn_run:1501:----------------------now_delay = 0.17
handle_uart_frame:1704:Received event_code: 0x010E
handle_uart_frame:1705:-------=========================================---->>>>>
handle_uart_frame:2522:------------------_>>>>>>now_start_to_deal = 0.21,0.02
qtk_uart_client_isRunning:1637:=========================>>>>>>>>>>>>>>>>>>>>
qtk_uart_client_isRunning:1659:=========================>>>>>>>>>>>>>>>>>>>>
qtk_uart_client_isRunning:1661:=========================>>>>>>>>>>>>>>>>>>>>count=4
handle_uart_frame:2555:+========>>>>>>s=483 pc=V
handle_uart_frame:2560:------------------_>>>>>>>now_delay = 31.67,31.48
handle_uart_frame:2565:------------------------->>>>>>>>>>>>>>>>>
qtk_proc_write:730:input>[ENABLE_LINEIN_KWS]
qtk_proc_write:739:====>>>>qtk_proc_write end once=0
handle_uart_frame:2573:------------------_>>>>>>>now_delay = 31.555000
send_response:3308:------------------------------>>>>>>>>>>>>>
send_response:3350:------------------------------>>>>>>>>>>>>>
qtk_uart_write2:414:step=4096
send_response:3355:Send log frame: len=10
send_response:3356:Header: 90 40
send_response:3357:Event: 01 0E
send_response:3358:Length: 01 00 (1 bytes)
send_response:3362:value: 0x00
send_response:3369:CRC: 4A E8
send_response:3370:Footer: FF
handle_uart_frame:2575:------------------_>>>>>>>finish_send_response = 32.99,32.81
handle_uart_frame:2576:------------------_>>>>>>>now_delay = 32.847000
handle_uart_frame:2580:---------------------------------->>>>>>>>>isnot_spk_count = 124
qtk_uart_client_trsn_run:1408:--------------->>>>>>>>>>>>>first_to_secendTime= 356.71
RESP_STATE_DATA_LENGTH:date_len : 0
Received Checksum: 70 1A
qtk_uart_client_trsn_run:1501:----------------------now_delay = 0.18
handle_uart_frame:1704:Received event_code: 0x010B
handle_uart_frame:1705:-------=========================================---->>>>>
handle_uart_frame:2308:------------------_>>>>>>now_start_to_deal = 0.25,0.03
qtk_uart_client_isRunning:1637:=========================>>>>>>>>>>>>>>>>>>>>
qtk_uart_client_isRunning:1659:=========================>>>>>>>>>>>>>>>>>>>>
qtk_uart_client_isRunning:1661:=========================>>>>>>>>>>>>>>>>>>>>count=4
qtk_proc_write:730:input>[OUTPUT_INFOR]
qtk_proc_write:739:====>>>>qtk_proc_write end once=0
handle_uart_frame:2322:------------------_>>>>>>>now_delay = 34.79,34.57
handle_uart_frame:2324:------------------_>>>>>>>now_delay = 34.83,34.61
handle_uart_frame:2355:---------------------------------->>>>>>>>>isnot_spk_count = 125
qtk_uart_client_trsn_run:1408:--------------->>>>>>>>>>>>>first_to_secendTime= 4079.31
RESP_STATE_DATA_LENGTH:date_len : 4
data_index : 1
data_index : 2
data_index : 3
data_index : 4
RESP_STATE_DATA:date_len : 4
Received Checksum: 90 C7
qtk_uart_client_trsn_run:1501:----------------------now_delay = 0.18
handle_uart_frame:1704:Received event_code: 0x0101
handle_uart_frame:1705:-------=========================================---->>>>>
send_response:3308:------------------------------>>>>>>>>>>>>>
send_response:3350:------------------------------>>>>>>>>>>>>>
qtk_uart_write2:414:step=4096
send_response:3355:Send log frame: len=10
send_response:3356:Header: 90 40
send_response:3357:Event: 01 01
send_response:3358:Length: 01 00 (1 bytes)
send_response:3362:value: 0x00
send_response:3369:CRC: 49 FC
send_response:3370:Footer: FF
handle_uart_frame:1764:------------------_>>>>>>>finish_send_response = 1.79,1.59
handle_uart_frame:1769:---------------------------------->>>>>>>>>isnot_spk_count = 125
qtk_uart_client_trsn_run:1408:--------------->>>>>>>>>>>>>first_to_secendTime= 1.93
RESP_STATE_DATA_LENGTH:date_len : 1
data_index : 1
RESP_STATE_DATA:date_len : 1
Received Checksum: 89 0C
qtk_uart_client_trsn_run:1501:----------------------now_delay = 0.13
handle_uart_frame:1704:Received event_code: 0x0105
handle_uart_frame:1705:-------=========================================---->>>>>
handle_uart_frame:1890:------------------_>>>>>>now_start_to_deal = 0.18,0.03
handle_uart_frame:1931:================fread=[use_uart=1;
uart={
	dev=/dev/ttyS4; #串口节点
	baude=115200;#波特率
	c_flow=0;#流控(0 不使用| 1 硬件流控| 2 软件流控)
	bits=8; #数据位(5,6,7,8)
	parity=0;#校验位(0 不使用| 1 奇校验 | 2 偶检验)
	stop=1;#停止位(1 1停止位| 2 2停止位)
	step_size=4096;#每1ms 发送的字节数
};

VBOX3_ANS=0;
VBOX3_AGC=1;
VBOX3_AEC=0;
VBOX3_MIC=1;                                                       
VBOX3_SPK=0;                                         
VBOX3_LINEIN=1;
USE_LINEIN_SPK=0;
USE_LINEIN_MIC=1;
vbox3_aec_level=1;
vbox3_agc_level=0;
vbox3_anc_level=0;
mic_shift2=2.46;]
handle_uart_frame:1939:+========>>>>>>s=322 pc=V
qtk_uart_client_isRunning:1637:=========================>>>>>>>>>>>>>>>>>>>>
qtk_uart_client_isRunning:1659:=========================>>>>>>>>>>>>>>>>>>>>
qtk_uart_client_isRunning:1661:=========================>>>>>>>>>>>>>>>>>>>>count=4
qtk_proc_write:730:input>[SET_MICANC_ON]
qtk_proc_write:739:====>>>>qtk_proc_write end once=0
send_response:3308:------------------------------>>>>>>>>>>>>>
send_response:3350:------------------------------>>>>>>>>>>>>>
qtk_uart_write2:414:step=4096
send_response:3355:Send log frame: len=10
send_response:3356:Header: 90 40
send_response:3357:Event: 01 05
send_response:3358:Length: 01 00 (1 bytes)
send_response:3362:value: 0x00
send_response:3369:CRC: 48 CC
send_response:3370:Footer: FF
handle_uart_frame:1962:------------------_>>>>>>>finish_send_response = 38.29,38.14
handle_uart_frame:1970:------------------_>>>>>>>now_delay = 46.01,45.87
handle_uart_frame:1971:---------------------------------->>>>>>>>>isnot_spk_count = 126
qtk_uart_client_trsn_run:1408:--------------->>>>>>>>>>>>>first_to_secendTime= 46.16
RESP_STATE_DATA_LENGTH:date_len : 1
data_index : 1
RESP_STATE_DATA:date_len : 1
Received Checksum: 49 74
qtk_uart_client_trsn_run:1501:----------------------now_delay = 0.14
handle_uart_frame:1704:Received event_code: 0x0107
handle_uart_frame:1705:-------=========================================---->>>>>
handle_uart_frame:2003:------------------_>>>>>>now_start_to_deal = 0.18,0.03
handle_uart_frame:2007:------------------_>>>>>>>now_delay = 0.26,0.10
handle_uart_frame:2010:================fread=[use_uart=1;
uart={
	dev=/dev/ttyS4; #串口节点
	baude=115200;#波特率
	c_flow=0;#流控(0 不使用| 1 硬件流控| 2 软件流控)
	bits=8; #数据位(5,6,7,8)
	parity=0;#校验位(0 不使用| 1 奇校验 | 2 偶检验)
	stop=1;#停止位(1 1停止位| 2 2停止位)
	step_size=4096;#每1ms 发送的字节数
};

VBOX3_ANS=1;
VBOX3_AGC=1;
VBOX3_AEC=0;
VBOX3_MIC=1;                                                       
VBOX3_SPK=0;                                         
VBOX3_LINEIN=1;
USE_LINEIN_SPK=0;
USE_LINEIN_MIC=1;
vbox3_aec_level=1;
vbox3_agc_level=0;
vbox3_anc_level=0;
mic_shift2=2.46;]
handle_uart_frame:2011:------------------_>>>>>>>now_delay = 0.40,0.24
handle_uart_frame:2015:------------------_>>>>>>>now_delay = 0.42,0.26
handle_uart_frame:2017:------------------_>>>>>>>now_delay = 0.43,0.28
handle_uart_frame:2021:+========>>>>>>s=335 pc=V
handle_uart_frame:2023:------------------_>>>>>>>now_delay = 0.49,0.33
handle_uart_frame:2025:------------------_>>>>>>>now_delay = 0.50,0.35
qtk_uart_client_isRunning:1637:=========================>>>>>>>>>>>>>>>>>>>>
qtk_uart_client_isRunning:1659:=========================>>>>>>>>>>>>>>>>>>>>
qtk_uart_client_isRunning:1661:=========================>>>>>>>>>>>>>>>>>>>>count=4
qtk_proc_write:730:input>[SET_MICAGC_OFF]
qtk_proc_write:739:====>>>>qtk_proc_write end once=0
handle_uart_frame:2041:------------------_>>>>>>>now_delay = 32.35,32.19
handle_uart_frame:2080:------------------_>>>>>>>now_delay = 32.42,32.26
send_response:3308:------------------------------>>>>>>>>>>>>>
send_response:3350:------------------------------>>>>>>>>>>>>>
qtk_uart_write2:414:step=4096
send_response:3355:Send log frame: len=10
send_response:3356:Header: 90 40
send_response:3357:Event: 01 07
send_response:3358:Length: 01 00 (1 bytes)
send_response:3362:value: 0x00
send_response:3369:CRC: 49 74
send_response:3370:Footer: FF
handle_uart_frame:2082:------------------_>>>>>>>finish_send_response = 33.66,33.50
handle_uart_frame:2092:------------------_>>>>>>>now_delay = 36.87,36.71
handle_uart_frame:2093:---------------------------------->>>>>>>>>isnot_spk_count = 127
qtk_uart_client_trsn_run:1408:--------------->>>>>>>>>>>>>first_to_secendTime= 36.98
RESP_STATE_DATA_LENGTH:date_len : 1
data_index : 1
RESP_STATE_DATA:date_len : 1
Received Checksum: 4B 9C
qtk_uart_client_trsn_run:1501:----------------------now_delay = 0.11
handle_uart_frame:1704:Received event_code: 0x0109
handle_uart_frame:1705:-------=========================================---->>>>>
handle_uart_frame:2125:------------------_>>>>>>now_start_to_deal = 0.15,0.02
handle_uart_frame:2129:------------------_>>>>>>>now_delay = 0.21,0.09
handle_uart_frame:2132:================fread=[use_uart=1;
uart={
	dev=/dev/ttyS4; #串口节点
	baude=115200;#波特率
	c_flow=0;#流控(0 不使用| 1 硬件流控| 2 软件流控)
	bits=8; #数据位(5,6,7,8)
	parity=0;#校验位(0 不使用| 1 奇校验 | 2 偶检验)
	stop=1;#停止位(1 1停止位| 2 2停止位)
	step_size=4096;#每1ms 发送的字节数
};

VBOX3_ANS=1;
VBOX3_AGC=0;
VBOX3_AEC=0;
VBOX3_MIC=1;                                                       
VBOX3_SPK=0;                                         
VBOX3_LINEIN=1;
USE_LINEIN_SPK=0;
USE_LINEIN_MIC=1;
vbox3_aec_level=1;
vbox3_agc_level=0;
vbox3_anc_level=0;
mic_shift2=2.46;]
handle_uart_frame:2133:------------------_>>>>>>>now_delay = 0.32,0.20
handle_uart_frame:2140:+========>>>>>>s=348 pc=V
handle_uart_frame:2142:------------------_>>>>>>>now_delay = 0.37,0.25
handle_uart_frame:2144:------------------_>>>>>>>now_delay = 0.39,0.27
qtk_uart_client_isRunning:1637:=========================>>>>>>>>>>>>>>>>>>>>
qtk_uart_client_isRunning:1659:=========================>>>>>>>>>>>>>>>>>>>>
qtk_uart_client_isRunning:1661:=========================>>>>>>>>>>>>>>>>>>>>count=4
qtk_proc_write:730:input>[SET_MICAEC_OFF]
qtk_proc_write:739:====>>>>qtk_proc_write end once=0
handle_uart_frame:2158:------------------_>>>>>>>now_delay = 33.80,33.68
handle_uart_frame:2208:------------------_>>>>>>>now_delay = 33.84,33.71
send_response:3308:------------------------------>>>>>>>>>>>>>
send_response:3350:------------------------------>>>>>>>>>>>>>
qtk_uart_write2:414:step=4096
send_response:3355:Send log frame: len=10
send_response:3356:Header: 90 40
send_response:3357:Event: 01 09
send_response:3358:Length: 01 00 (1 bytes)
send_response:3362:value: 0x00
send_response:3369:CRC: 4B 9C
send_response:3370:Footer: FF
handle_uart_frame:2210:------------------_>>>>>>>finish_send_response = 35.22,35.10
handle_uart_frame:2220:------------------_>>>>>>>now_delay = 38.51,38.39
handle_uart_frame:2221:---------------------------------->>>>>>>>>isnot_spk_count = 128
qtk_uart_client_trsn_run:1408:--------------->>>>>>>>>>>>>first_to_secendTime= 357.52
RESP_STATE_DATA_LENGTH:date_len : 0
Received Checksum: 80 1A
qtk_uart_client_trsn_run:1501:----------------------now_delay = 0.15
handle_uart_frame:1704:Received event_code: 0x0108
handle_uart_frame:1705:-------=========================================---->>>>>
handle_uart_frame:2228:------------------_>>>>>>now_start_to_deal = 0.27,0.03
handle_uart_frame:2230:------------------_>>>>>>>now_delay = 0.33,0.09
qtk_uart_client_get_arg:755:==================>>>>>>>1024
handle_uart_frame:2233:------------------_>>>>>>>now_delay = 0.72,0.48
handle_uart_frame:2234:AEC Response:AEC level 0
send_response:3308:------------------------------>>>>>>>>>>>>>
send_response:3350:------------------------------>>>>>>>>>>>>>
qtk_uart_write2:414:step=4096
send_response:3355:Send log frame: len=10
send_response:3356:Header: 90 40
send_response:3357:Event: 01 08
send_response:3358:Length: 01 00 (1 bytes)
send_response:3362:value: 0x00
send_response:3369:CRC: 4A 60
send_response:3370:Footer: FF
handle_uart_frame:2245:------------------_>>>>>>>finish_send_response = 2.07,1.83
handle_uart_frame:2247:------------------_>>>>>>>now_delay = 2.10,1.86
handle_uart_frame:2248:---------------------------------->>>>>>>>>isnot_spk_count = 129
qtk_uart_client_trsn_run:1408:--------------->>>>>>>>>>>>>first_to_secendTime= 324.43
RESP_STATE_DATA_LENGTH:date_len : 5
data_index : 1
data_index : 2
data_index : 3
data_index : 4
data_index : 5
RESP_STATE_DATA:date_len : 5
Received Checksum: 6F 69
qtk_uart_client_trsn_run:1501:----------------------now_delay = 0.17
handle_uart_frame:1704:Received event_code: 0x0112
handle_uart_frame:1705:-------=========================================---->>>>>
handle_uart_frame:2734:------------------_>>>>>>now_start_to_deal = 0.25,0.03
qtk_uart_client_isRunning:1637:=========================>>>>>>>>>>>>>>>>>>>>
qtk_uart_client_isRunning:1659:=========================>>>>>>>>>>>>>>>>>>>>
qtk_uart_client_isRunning:1661:=========================>>>>>>>>>>>>>>>>>>>>count=4
handle_uart_frame:2743:--------------SET_MICVOLUME==46
qtk_proc_write:730:input>[SET_MICVOLUME46]
qtk_proc_write:739:====>>>>qtk_proc_write end once=0
handle_uart_frame:2755:------------------_>>>>>>>now_delay = 31.00,30.77
send_response:3308:------------------------------>>>>>>>>>>>>>
send_response:3350:------------------------------>>>>>>>>>>>>>
qtk_uart_write2:414:step=4096
send_response:3355:Send log frame: len=10
send_response:3356:Header: 90 40
send_response:3357:Event: 01 12
send_response:3358:Length: 01 00 (1 bytes)
send_response:3362:value: 0x00
send_response:3369:CRC: 4D 78
send_response:3370:Footer: FF
handle_uart_frame:2757:------------------_>>>>>>>finish_send_response = 32.35,32.12
handle_uart_frame:2758:---------------------------------->>>>>>>>>isnot_spk_count = 130
qtk_uart_client_trsn_run:1408:--------------->>>>>>>>>>>>>first_to_secendTime= 347.99
RESP_STATE_DATA_LENGTH:date_len : 4
data_index : 1
data_index : 2
data_index : 3
data_index : 4
RESP_STATE_DATA:date_len : 4
Received Checksum: 90 7E
qtk_uart_client_trsn_run:1501:----------------------now_delay = 0.15
handle_uart_frame:1704:Received event_code: 0x0110
handle_uart_frame:1705:-------=========================================---->>>>>
handle_uart_frame:2717:------------------_>>>>>>now_start_to_deal = 0.19,0.02
handle_uart_frame:2721:------------------_>>>>>>>now_delay = 0.21,0.04
handle_uart_frame:2722:MIC volume_value: 0x2E
handle_uart_frame:2723:------------------_>>>>>>>now_delay = 0.23,0.06
send_response:3308:------------------------------>>>>>>>>>>>>>
send_response:3350:------------------------------>>>>>>>>>>>>>
qtk_uart_write2:414:step=4096
send_response:3355:Send log frame: len=10
send_response:3356:Header: 90 40
send_response:3357:Event: 01 10
send_response:3358:Length: 01 00 (1 bytes)
send_response:3362:value: 0x2E
send_response:3369:CRC: CC DC
send_response:3370:Footer: FF
handle_uart_frame:2725:------------------_>>>>>>>finish_send_response = 1.63,1.47
handle_uart_frame:2726:---------------------------------->>>>>>>>>isnot_spk_count = 131
qtk_uart_client_trsn_run:1408:--------------->>>>>>>>>>>>>first_to_secendTime= 325.65
RESP_STATE_DATA_LENGTH:date_len : 5
data_index : 1
data_index : 2
data_index : 3
data_index : 4
data_index : 5
RESP_STATE_DATA:date_len : 5
Received Checksum: 57 68
qtk_uart_client_trsn_run:1501:----------------------now_delay = 0.19
handle_uart_frame:1704:Received event_code: 0x0113
handle_uart_frame:1705:-------=========================================---->>>>>
handle_uart_frame:2791:------------------>>>>>>60
handle_uart_frame:2799:------->echo 60 > /sys/bus/i2c/devices/3-006d/volume
handle_uart_frame:2807:------->echo 60 > /sys/bus/i2c/devices/3-0069/volume
send_response:3308:------------------------------>>>>>>>>>>>>>
send_response:3350:------------------------------>>>>>>>>>>>>>
qtk_uart_write2:414:step=4096
send_response:3355:Send log frame: len=10
send_response:3356:Header: 90 40
send_response:3357:Event: 01 13
send_response:3358:Length: 01 00 (1 bytes)
send_response:3362:value: 0x00
send_response:3369:CRC: 4C 84
send_response:3370:Footer: FF
handle_uart_frame:2809:------------------_>>>>>>>finish_send_response = 5.12,4.91
qtk_uart_client_trsn_run:1408:--------------->>>>>>>>>>>>>first_to_secendTime= 322.54
RESP_STATE_DATA_LENGTH:date_len : 4
data_index : 1
data_index : 2
data_index : 3
data_index : 4
RESP_STATE_DATA:date_len : 4
Received Checksum: 81 06
qtk_uart_client_trsn_run:1501:----------------------now_delay = 0.32
handle_uart_frame:1704:Received event_code: 0x0111
handle_uart_frame:1705:-------=========================================---->>>>>
handle_uart_frame:2769:------------------_>>>>>>now_start_to_deal = 0.47,0.10
handle_uart_frame:2774:------------------_>>>>>>>now_delay = 0.50,0.13
handle_uart_frame:2776:The value is: 60
handle_uart_frame:2780:------------------_>>>>>>>now_delay = 3.06,2.69
send_response:3308:------------------------------>>>>>>>>>>>>>
send_response:3350:------------------------------>>>>>>>>>>>>>
qtk_uart_write2:414:step=4096
send_response:3355:Send log frame: len=10
send_response:3356:Header: 90 40
send_response:3357:Event: 01 11
send_response:3358:Length: 01 00 (1 bytes)
send_response:3362:value: 0x3C
send_response:3369:CRC: 4D 2D
send_response:3370:Footer: FF
handle_uart_frame:2782:------------------_>>>>>>>finish_send_response = 4.51,4.14
handle_uart_frame:2783:---------------------------------->>>>>>>>>isnot_spk_count = 132
qtk_uart_client_trsn_run:1408:--------------->>>>>>>>>>>>>first_to_secendTime= 322.40
RESP_STATE_DATA_LENGTH:date_len : 1
data_index : 1
RESP_STATE_DATA:date_len : 1
Received Checksum: CF AD
qtk_uart_client_trsn_run:1501:----------------------now_delay = 0.12
handle_uart_frame:1704:Received event_code: 0x011D
handle_uart_frame:1705:-------=========================================---->>>>>
apply_eq_from_json_text_wtk:196:[EQ][apply] main write code=0x05 ret=0 (freq=200.0, B=0, L=5)
apply_eq_from_json_text_wtk:207:[EQ][apply] bass write code=0x05 ret=0 (freq=200.0)
apply_eq_from_json_text_wtk:219:[EQ][apply] summary: total=1, wrote_main=1, wrote_bass=1
handle_uart_frame:3036:[EQ][011D] mode persisted: 2 (0:STD,1:WALL,2:RECESSED)
send_response:3308:------------------------------>>>>>>>>>>>>>
send_response:3350:------------------------------>>>>>>>>>>>>>
qtk_uart_write2:414:step=4096
send_response:3355:Send log frame: len=10
send_response:3356:Header: 90 40
send_response:3357:Event: 01 1D
send_response:3358:Length: 01 00 (1 bytes)
send_response:3362:value: 0x00
send_response:3369:CRC: 4E 6C
send_response:3370:Footer: FF
qtk_uart_client_trsn_run:1408:--------------->>>>>>>>>>>>>first_to_secendTime= 371.99
RESP_STATE_DATA_LENGTH:date_len : 1
data_index : 1
RESP_STATE_DATA:date_len : 1
Received Checksum: 4F 90
qtk_uart_client_trsn_run:1501:----------------------now_delay = 0.17
handle_uart_frame:1704:Received event_code: 0x011C
handle_uart_frame:1705:-------=========================================---->>>>>
handle_uart_frame:2910:------------------_>>>>>>now_start_to_deal = 0.22,0.03
send_response:3308:------------------------------>>>>>>>>>>>>>
send_response:3350:------------------------------>>>>>>>>>>>>>
qtk_uart_write2:414:step=4096
send_response:3355:Send log frame: len=10
send_response:3356:Header: 90 40
send_response:3357:Event: 01 1C
send_response:3358:Length: 01 00 (1 bytes)
send_response:3362:value: 0x02
send_response:3369:CRC: CE 51
send_response:3370:Footer: FF
handle_uart_frame:2936:---------------------------------->>>>>>>>>isnot_spk_count = 134
qtk_uart_client_trsn_run:1408:--------------->>>>>>>>>>>>>first_to_secendTime= 328.01
RESP_STATE_DATA_LENGTH:date_len : 1
data_index : 1
RESP_STATE_DATA:date_len : 1
Received Checksum: 8E 14
qtk_uart_client_trsn_run:1501:----------------------now_delay = 0.16
handle_uart_frame:1704:Received event_code: 0x011F
handle_uart_frame:1705:-------=========================================---->>>>>
handle_uart_frame:3062:------------------_>>>>>>now_start_to_deal = 0.40,0.04
qtk_uart_client_isRunning:1637:=========================>>>>>>>>>>>>>>>>>>>>
qtk_uart_client_isRunning:1659:=========================>>>>>>>>>>>>>>>>>>>>
qtk_uart_client_isRunning:1661:=========================>>>>>>>>>>>>>>>>>>>>count=4
handle_uart_frame:3070:--------------SET_LINEOUTPATTERN=1
handle_uart_frame:3072:------------------_>>>>>>>now_delay = 32.24,31.88
qtk_proc_write:730:input>[SET_LINEOUTPATTERN1]
qtk_proc_write:739:====>>>>qtk_proc_write end once=0
handle_uart_frame:3077:------------------_>>>>>>>now_delay = 32.30,31.94
handle_uart_frame:3085:------------------_>>>>>>>now_delay = 32.32,31.96
handle_uart_frame:3087:----------------------now_delay = 132.49
send_response:3308:------------------------------>>>>>>>>>>>>>
send_response:3350:------------------------------>>>>>>>>>>>>>
qtk_uart_write2:414:step=4096
send_response:3355:Send log frame: len=10
send_response:3356:Header: 90 40
send_response:3357:Event: 01 1F
send_response:3358:Length: 01 00 (1 bytes)
send_response:3362:value: 0x00
send_response:3369:CRC: 4F D4
send_response:3370:Footer: FF
handle_uart_frame:3089:------------------_>>>>>>>finish_send_response = 133.98,133.62
handle_uart_frame:3090:---------------------------------->>>>>>>>>isnot_spk_count = 135
qtk_uart_client_trsn_run:1408:--------------->>>>>>>>>>>>>first_to_secendTime= 458.99
RESP_STATE_DATA_LENGTH:date_len : 1
data_index : 1
RESP_STATE_DATA:date_len : 1
Received Checksum: 4E 28
qtk_uart_client_trsn_run:1501:----------------------now_delay = 0.15
handle_uart_frame:1704:Received event_code: 0x011E
handle_uart_frame:1705:-------=========================================---->>>>>
handle_uart_frame:3050:------------------_>>>>>>now_start_to_deal = 0.20,0.02
send_response:3308:------------------------------>>>>>>>>>>>>>
send_response:3350:------------------------------>>>>>>>>>>>>>
qtk_uart_write2:414:step=4096
send_response:3355:Send log frame: len=10
send_response:3356:Header: 90 40
send_response:3357:Event: 01 1E
send_response:3358:Length: 01 00 (1 bytes)
send_response:3362:value: 0x01
send_response:3369:CRC: 8F E8
send_response:3370:Footer: FF
handle_uart_frame:3053:------------------_>>>>>>>finish_send_response = 1.56,1.39
handle_uart_frame:3054:---------------------------------->>>>>>>>>isnot_spk_count = 135
qtk_uart_client_trsn_run:1408:--------------->>>>>>>>>>>>>first_to_secendTime= 326.39
RESP_STATE_DATA_LENGTH:date_len : 1
data_index : 1
RESP_STATE_DATA:date_len : 1
Received Checksum: CF 61
qtk_uart_client_trsn_run:1501:----------------------now_delay = 0.14
handle_uart_frame:1704:Received event_code: 0x0118
handle_uart_frame:1705:-------=========================================---->>>>>
handle_uart_frame:2862:------------------_>>>>>>now_start_to_deal = 0.18,0.03
qtk_uart_client_isRunning:1637:=========================>>>>>>>>>>>>>>>>>>>>
qtk_uart_client_isRunning:1659:=========================>>>>>>>>>>>>>>>>>>>>
qtk_uart_client_isRunning:1661:=========================>>>>>>>>>>>>>>>>>>>>count=4
handle_uart_frame:2865:------------------_>>>>>>>now_delay = 30.48,30.32
handle_uart_frame:2869:------------------_>>>>>>>now_delay = 30.56,30.40
handle_uart_frame:2872:-----------------frame->data[1]:2
handle_uart_frame:2873:------------------_>>>>>>>now_delay = 30.59,30.43
qtk_proc_write:730:input>[SPEAKER_CONRTOL02]
qtk_proc_write:739:====>>>>qtk_proc_write end once=0
handle_uart_frame:2876:------------------_>>>>>>>now_delay = 30.68,30.52
handle_uart_frame:2881:------------------_>>>>>>>now_delay = 30.69,30.54
send_response:3308:------------------------------>>>>>>>>>>>>>
send_response:3350:------------------------------>>>>>>>>>>>>>
qtk_uart_write2:414:step=4096
send_response:3355:Send log frame: len=10
send_response:3356:Header: 90 40
send_response:3357:Event: 01 18
send_response:3358:Length: 01 00 (1 bytes)
send_response:3362:value: 0x00
send_response:3369:CRC: 4E A0
send_response:3370:Footer: FF
handle_uart_frame:2883:------------------_>>>>>>>finish_send_response = 32.11,31.95
handle_uart_frame:2884:----------------------------->>>>>>>isnot_spk_count=136
qtk_uart_client_trsn_run:1408:--------------->>>>>>>>>>>>>first_to_secendTime= 353.95
RESP_STATE_DATA_LENGTH:date_len : 0
Received Checksum: 21 DA
qtk_uart_client_trsn_run:1501:----------------------now_delay = 0.10
handle_uart_frame:1704:Received event_code: 0x010A
handle_uart_frame:1705:-------=========================================---->>>>>
handle_uart_frame:2256:------------------_>>>>>>now_start_to_deal = 0.14,0.02
qtk_uart_client_isRunning:1637:=========================>>>>>>>>>>>>>>>>>>>>
qtk_uart_client_isRunning:1659:=========================>>>>>>>>>>>>>>>>>>>>
qtk_uart_client_isRunning:1661:=========================>>>>>>>>>>>>>>>>>>>>count=4
qtk_proc_write:730:input>[INPUT_INFOR]
qtk_proc_write:739:====>>>>qtk_proc_write end once=0
handle_uart_frame:2300:---------------------------------->>>>>>>>>isnot_spk_count = 137
qtk_uart_client_trsn_run:1408:--------------->>>>>>>>>>>>>first_to_secendTime= 4073.90
RESP_STATE_DATA_LENGTH:date_len : 0
Received Checksum: 70 1A
qtk_uart_client_trsn_run:1501:----------------------now_delay = 0.09
handle_uart_frame:1704:Received event_code: 0x010B
handle_uart_frame:1705:-------=========================================---->>>>>
handle_uart_frame:2308:------------------_>>>>>>now_start_to_deal = 0.13,0.02
qtk_uart_client_isRunning:1637:=========================>>>>>>>>>>>>>>>>>>>>
qtk_uart_client_isRunning:1659:=========================>>>>>>>>>>>>>>>>>>>>
qtk_uart_client_isRunning:1661:=========================>>>>>>>>>>>>>>>>>>>>count=4
qtk_proc_write:730:input>[OUTPUT_INFOR]
qtk_proc_write:739:====>>>>qtk_proc_write end once=0
handle_uart_frame:2322:------------------_>>>>>>>now_delay = 28.33,28.22
handle_uart_frame:2324:------------------_>>>>>>>now_delay = 28.37,28.27
handle_uart_frame:2355:---------------------------------->>>>>>>>>isnot_spk_count = 138
qtk_uart_client_trsn_run:1408:--------------->>>>>>>>>>>>>first_to_secendTime= 4999.87
RESP_STATE_DATA_LENGTH:date_len : 4
data_index : 1
data_index : 2
data_index : 3
data_index : 4
RESP_STATE_DATA:date_len : 4
Received Checksum: 3A 7E
qtk_uart_client_trsn_run:1501:----------------------now_delay = 0.17
handle_uart_frame:1704:Received event_code: 0x011A
handle_uart_frame:1705:-------=========================================---->>>>>
send_response:3308:------------------------------>>>>>>>>>>>>>
send_response:3350:------------------------------>>>>>>>>>>>>>
qtk_uart_write2:414:step=4096
send_response:3355:Send log frame: len=10
send_response:3356:Header: 90 40
send_response:3357:Event: 01 1A
send_response:3358:Length: 01 00 (1 bytes)
send_response:3362:value: 0x01
send_response:3369:CRC: 8E D8
send_response:3370:Footer: FF
qtk_uart_client_trsn_run:1408:--------------->>>>>>>>>>>>>first_to_secendTime= 1.55
RESP_STATE_DATA_LENGTH:date_len : 5
data_index : 1
data_index : 2
data_index : 3
data_index : 4
data_index : 5
RESP_STATE_DATA:date_len : 5
Received Checksum: D7 F9
qtk_uart_client_trsn_run:1501:----------------------now_delay = 0.22
handle_uart_frame:1704:Received event_code: 0x010D
handle_uart_frame:1705:-------=========================================---->>>>>
handle_uart_frame:2444:------------------_>>>>>>now_start_to_deal = 0.27,0.03
qtk_uart_client_isRunning:1637:=========================>>>>>>>>>>>>>>>>>>>>
qtk_uart_client_isRunning:1659:=========================>>>>>>>>>>>>>>>>>>>>
qtk_uart_client_isRunning:1661:=========================>>>>>>>>>>>>>>>>>>>>count=4
handle_uart_frame:2455:+========>>>>>>s=429 pc=V
handle_uart_frame:2464:------------------_>>>>>>>now_delay = 34.65,34.41
qtk_proc_write:730:input>[UNENABLE_SPK]
qtk_proc_write:739:====>>>>qtk_proc_write end once=0
handle_uart_frame:2467:------------------_>>>>>>>now_delay = 34.72,34.48
handle_uart_frame:2498:------------------_>>>>>>>now_delay = 34.73,34.49
send_response:3308:------------------------------>>>>>>>>>>>>>
send_response:3350:------------------------------>>>>>>>>>>>>>
qtk_uart_write2:414:step=4096
send_response:3355:Send log frame: len=10
send_response:3356:Header: 90 40
send_response:3357:Event: 01 0D
send_response:3358:Length: 01 00 (1 bytes)
send_response:3362:value: 0x00
send_response:3369:CRC: 4A AC
send_response:3370:Footer: FF
handle_uart_frame:2500:------------------_>>>>>>>finish_send_response = 36.09,35.85
handle_uart_frame:2500:------------------_>>>>>>>now_delay = 36.11,35.87
handle_uart_frame:2508:------------------_>>>>>>>now_delay = 43.75,43.51
handle_uart_frame:2511:---------------------------------->>>>>>>>>isnot_spk_count = 140
send_audio_status_frame:312:-------------------------------->>>>>>
send_audio_status_frame:318:-------------------------------->>>>>>
send_audio_status_frame:326:-------------------------------->>>>>>
send_audio_status_frame:396:-------------------------------->>>>>>
send_response:3308:------------------------------>>>>>>>>>>>>>
send_response:3350:------------------------------>>>>>>>>>>>>>
qtk_uart_write2:414:step=4096
send_response:3355:Send log frame: len=148
send_response:3356:Header: 90 40
send_response:3357:Event: 01 16
send_response:3358:Length: 8B 00 (139 bytes)
send_response:3369:CRC: 57 8C
send_response:3370:Footer: FF
send_audio_status_frame:399:-------------------------------->>>>>>
send_audio_status_frame:401:-------------------------------->>>>>>
qtk_uart_client_trsn_run:1408:--------------->>>>>>>>>>>>>first_to_secendTime= 47.69
RESP_STATE_DATA_LENGTH:date_len : 5
data_index : 1
data_index : 2
data_index : 3
data_index : 4
data_index : 5
RESP_STATE_DATA:date_len : 5
Received Checksum: 2F E0
qtk_uart_client_trsn_run:1501:----------------------now_delay = 0.16
handle_uart_frame:1704:Received event_code: 0x010F
handle_uart_frame:1705:-------=========================================---->>>>>
handle_uart_frame:2588:------------------_>>>>>>now_start_to_deal = 0.19,0.02
qtk_uart_client_isRunning:1637:=========================>>>>>>>>>>>>>>>>>>>>
qtk_uart_client_isRunning:1659:=========================>>>>>>>>>>>>>>>>>>>>
qtk_uart_client_isRunning:1661:=========================>>>>>>>>>>>>>>>>>>>>count=4
handle_uart_frame:2593:------------------_>>>>>>>now_delay = 30.030000
handle_uart_frame:2600:+========>>>>>>s=517 pc=U
handle_uart_frame:2605:------------------_>>>>>>>now_delay = 30.66,30.49
handle_uart_frame:2609:------------------_>>>>>>>now_delay = 30.556000
qtk_proc_write:730:input>[ENABLE_LINEIN_MIC]
qtk_proc_write:739:====>>>>qtk_proc_write end once=0
handle_uart_frame:2652:------------------_>>>>>>>now_delay = 30.605000
send_response:3308:------------------------------>>>>>>>>>>>>>
send_response:3350:------------------------------>>>>>>>>>>>>>
qtk_uart_write2:414:step=4096
send_response:3355:Send log frame: len=10
send_response:3356:Header: 90 40
send_response:3357:Event: 01 0F
send_response:3358:Length: 01 00 (1 bytes)
send_response:3362:value: 0x00
send_response:3369:CRC: 4B 14
send_response:3370:Footer: FF
handle_uart_frame:2654:------------------_>>>>>>>finish_send_response = 32.14,31.97
handle_uart_frame:2655:---------------------------------->>>>>>>>>isnot_spk_count = 141
qtk_uart_client_trsn_run:1408:--------------->>>>>>>>>>>>>first_to_secendTime= 32.27
RESP_STATE_DATA_LENGTH:date_len : 4
data_index : 1
data_index : 2
data_index : 3
data_index : 4
RESP_STATE_DATA:date_len : 4
Received Checksum: A2 7F
qtk_uart_client_trsn_run:1501:----------------------now_delay = 0.14
handle_uart_frame:1704:Received event_code: 0x0102
handle_uart_frame:1705:-------=========================================---->>>>>
handle_uart_frame:1802:------------------------resp = 0
send_response:3308:------------------------------>>>>>>>>>>>>>
send_response:3350:------------------------------>>>>>>>>>>>>>
qtk_uart_write2:414:step=4096
send_response:3355:Send log frame: len=10
send_response:3356:Header: 90 40
send_response:3357:Event: 01 02
send_response:3358:Length: 01 00 (1 bytes)
send_response:3362:value: 0x00
send_response:3369:CRC: 49 B8
send_response:3370:Footer: FF
handle_uart_frame:1821:---------------------------------->>>>>>>>>isnot_spk_count = 141
qtk_uart_client_trsn_run:1408:--------------->>>>>>>>>>>>>first_to_secendTime= 1.86
RESP_STATE_DATA_LENGTH:date_len : 110
data_index : 1
data_index : 2
data_index : 3
data_index : 4
data_index : 5
data_index : 6
data_index : 7
data_index : 8
data_index : 9
data_index : 10
data_index : 11
data_index : 12
data_index : 13
data_index : 14
data_index : 15
data_index : 16
data_index : 17
data_index : 18
data_index : 19
data_index : 20
data_index : 21
data_index : 22
data_index : 23
data_index : 24
data_index : 25
data_index : 26
data_index : 27
data_index : 28
data_index : 29
data_index : 30
data_index : 31
data_index : 32
data_index : 33
data_index : 34
data_index : 35
data_index : 36
data_index : 37
data_index : 38
data_index : 39
data_index : 40
data_index : 41
data_index : 42
data_index : 43
data_index : 44
data_index : 45
data_index : 46
data_index : 47
data_index : 48
data_index : 49
data_index : 50
data_index : 51
data_index : 52
data_index : 53
data_index : 54
data_index : 55
data_index : 56
data_index : 57
data_index : 58
data_index : 59
data_index : 60
data_index : 61
data_index : 62
data_index : 63
data_index : 64
data_index : 65
data_index : 66
data_index : 67
data_index : 68
data_index : 69
data_index : 70
data_index : 71
data_index : 72
data_index : 73
data_index : 74
data_index : 75
data_index : 76
data_index : 77
data_index : 78
data_index : 79
data_index : 80
data_index : 81
data_index : 82
data_index : 83
data_index : 84
data_index : 85
data_index : 86
data_index : 87
data_index : 88
data_index : 89
data_index : 90
data_index : 91
data_index : 92
data_index : 93
data_index : 94
data_index : 95
data_index : 96
data_index : 97
data_index : 98
data_index : 99
data_index : 100
data_index : 101
data_index : 102
data_index : 103
data_index : 104
data_index : 105
data_index : 106
data_index : 107
data_index : 108
data_index : 109
data_index : 110
RESP_STATE_DATA:date_len : 110
Received Checksum: CD 31
qtk_uart_client_trsn_run:1501:----------------------now_delay = 1.50
handle_uart_frame:1704:Received event_code: 0x0103
handle_uart_frame:1705:-------=========================================---->>>>>
handle_uart_frame:1832:[EQ][0103] === Start EQ output setting ===
handle_uart_frame:1835:[EQ][0103] Step 1: Checking payload validity...
handle_uart_frame:1842:[EQ][0103] Payload check passed
handle_uart_frame:1845:[EQ][0103] Step 2: Sanitizing payload...
handle_uart_frame:1855:[EQ][0103] Payload sanitized. Length = 106
handle_uart_frame:1858:[EQ][0103] Step 3: Saving to file /oem/qdreamer/qsound/eq.json...
handle_uart_frame:1865:[EQ][0103] File saved successfully
handle_uart_frame:1868:[EQ][0103] Step 4: Applying EQ settings in current thread...
apply_eq_from_json_text_wtk:196:[EQ][apply] main write code=0x01 ret=0 (freq=200.0, B=0, L=1)
apply_eq_from_json_text_wtk:207:[EQ][apply] bass write code=0x01 ret=0 (freq=200.0)
apply_eq_from_json_text_wtk:196:[EQ][apply] main write code=0x14 ret=0 (freq=2000.0, B=1, L=4)
apply_eq_from_json_text_wtk:196:[EQ][apply] main write code=0x20 ret=0 (freq=6000.0, B=2, L=0)
apply_eq_from_json_text_wtk:219:[EQ][apply] summary: total=3, wrote_main=3, wrote_bass=1
handle_uart_frame:1876:[EQ][0103] EQ applied successfully
handle_uart_frame:1879:[EQ][0103] Step 5: Sending success response...
send_response:3308:------------------------------>>>>>>>>>>>>>
send_response:3350:------------------------------>>>>>>>>>>>>>
qtk_uart_write2:414:step=4096
send_response:3355:Send log frame: len=10
send_response:3356:Header: 90 40
send_response:3357:Event: 01 03
send_response:3358:Length: 01 00 (1 bytes)
send_response:3362:value: 0x00
send_response:3369:CRC: 48 44
send_response:3370:Footer: FF
handle_uart_frame:1883:[EQ][0103] === End EQ output setting ===
qtk_uart_client_trsn_run:1408:--------------->>>>>>>>>>>>>first_to_secendTime= 56.08
RESP_STATE_DATA_LENGTH:date_len : 5
data_index : 1
data_index : 2
data_index : 3
data_index : 4
data_index : 5
RESP_STATE_DATA:date_len : 5
Received Checksum: AE 35
qtk_uart_client_trsn_run:1501:----------------------now_delay = 0.15
handle_uart_frame:1704:Received event_code: 0x010C
handle_uart_frame:1705:-------=========================================---->>>>>
handle_uart_frame:2364:------------------_>>>>>>now_start_to_deal = 0.30,0.02
handle_uart_frame:2366:------------------_>>>>>>>now_delay = 0.31,0.04
qtk_uart_client_isRunning:1637:=========================>>>>>>>>>>>>>>>>>>>>
qtk_uart_client_isRunning:1659:=========================>>>>>>>>>>>>>>>>>>>>
qtk_uart_client_isRunning:1661:=========================>>>>>>>>>>>>>>>>>>>>count=4
handle_uart_frame:2397:------------------_>>>>>>>now_delay = 32.14,31.86
handle_uart_frame:2403:+========>>>>>>s=361 pc=V
handle_uart_frame:2408:------------------_>>>>>>>now_delay = 32.43,32.15
qtk_proc_write:730:input>[ENABLE_MIC]
qtk_proc_write:739:====>>>>qtk_proc_write end once=0
handle_uart_frame:2422:------------------_>>>>>>>now_delay = 32.48,32.21
send_response:3308:------------------------------>>>>>>>>>>>>>
send_response:3350:------------------------------>>>>>>>>>>>>>
qtk_uart_write2:414:step=4096
send_response:3355:Send log frame: len=10
send_response:3356:Header: 90 40
send_response:3357:Event: 01 0C
send_response:3358:Length: 01 00 (1 bytes)
send_response:3362:value: 0x00
send_response:3369:CRC: 4B 50
send_response:3370:Footer: FF
handle_uart_frame:2424:------------------_>>>>>>>finish_send_response = 33.75,33.47
handle_uart_frame:2431:------------------_>>>>>>>now_delay = 37.13,36.86
handle_uart_frame:2433:---------------------------------->>>>>>>>>isnot_spk_count = 142
qtk_uart_client_trsn_run:1408:--------------->>>>>>>>>>>>>first_to_secendTime= 37.34
RESP_STATE_DATA_LENGTH:date_len : 5
data_index : 1
data_index : 2
data_index : 3
data_index : 4
data_index : 5
RESP_STATE_DATA:date_len : 5
Received Checksum: 97 EC
qtk_uart_client_trsn_run:1501:----------------------now_delay = 0.15
handle_uart_frame:1704:Received event_code: 0x010E
handle_uart_frame:1705:-------=========================================---->>>>>
handle_uart_frame:2522:------------------_>>>>>>now_start_to_deal = 0.22,0.06
qtk_uart_client_isRunning:1637:=========================>>>>>>>>>>>>>>>>>>>>
qtk_uart_client_isRunning:1659:=========================>>>>>>>>>>>>>>>>>>>>
qtk_uart_client_isRunning:1661:=========================>>>>>>>>>>>>>>>>>>>>count=4
handle_uart_frame:2533:+========>>>>>>s=483 pc=V
qtk_proc_write:730:input>[UNENABLE_LINEIN_KWS]
qtk_proc_write:739:====>>>>qtk_proc_write end once=0
handle_uart_frame:2573:------------------_>>>>>>>now_delay = 28.976000
send_response:3308:------------------------------>>>>>>>>>>>>>
send_response:3350:------------------------------>>>>>>>>>>>>>
qtk_uart_write2:414:step=4096
send_response:3355:Send log frame: len=10
send_response:3356:Header: 90 40
send_response:3357:Event: 01 0E
send_response:3358:Length: 01 00 (1 bytes)
send_response:3362:value: 0x00
send_response:3369:CRC: 4A E8
send_response:3370:Footer: FF
handle_uart_frame:2575:------------------_>>>>>>>finish_send_response = 30.42,30.26
handle_uart_frame:2576:------------------_>>>>>>>now_delay = 30.356000
handle_uart_frame:2580:---------------------------------->>>>>>>>>isnot_spk_count = 143
qtk_uart_client_trsn_run:1408:--------------->>>>>>>>>>>>>first_to_secendTime= 30.62
RESP_STATE_DATA_LENGTH:date_len : 4
data_index : 1
data_index : 2
data_index : 3
data_index : 4
RESP_STATE_DATA:date_len : 4
Received Checksum: 90 C7
qtk_uart_client_trsn_run:1501:----------------------now_delay = 0.14
handle_uart_frame:1704:Received event_code: 0x0101
handle_uart_frame:1705:-------=========================================---->>>>>
send_response:3308:------------------------------>>>>>>>>>>>>>
send_response:3350:------------------------------>>>>>>>>>>>>>
qtk_uart_write2:414:step=4096
send_response:3355:Send log frame: len=10
send_response:3356:Header: 90 40
send_response:3357:Event: 01 01
send_response:3358:Length: 01 00 (1 bytes)
send_response:3362:value: 0x00
send_response:3369:CRC: 49 FC
send_response:3370:Footer: FF
handle_uart_frame:1764:------------------_>>>>>>>finish_send_response = 1.80,1.64
handle_uart_frame:1769:---------------------------------->>>>>>>>>isnot_spk_count = 143
qtk_uart_client_trsn_run:1408:--------------->>>>>>>>>>>>>first_to_secendTime= 1.93
RESP_STATE_DATA_LENGTH:date_len : 1
data_index : 1
RESP_STATE_DATA:date_len : 1
Received Checksum: 89 0C
qtk_uart_client_trsn_run:1501:----------------------now_delay = 0.10
handle_uart_frame:1704:Received event_code: 0x0105
handle_uart_frame:1705:-------=========================================---->>>>>
handle_uart_frame:1890:------------------_>>>>>>now_start_to_deal = 0.14,0.02
handle_uart_frame:1931:================fread=[use_uart=1;
uart={
	dev=/dev/ttyS4; #串口节点
	baude=115200;#波特率
	c_flow=0;#流控(0 不使用| 1 硬件流控| 2 软件流控)
	bits=8; #数据位(5,6,7,8)
	parity=0;#校验位(0 不使用| 1 奇校验 | 2 偶检验)
	stop=1;#停止位(1 1停止位| 2 2停止位)
	step_size=4096;#每1ms 发送的字节数
};

VBOX3_ANS=1;
VBOX3_AGC=0;
VBOX3_AEC=0;
VBOX3_MIC=1;                                                       
VBOX3_SPK=0;                                         
VBOX3_LINEIN=0;
USE_LINEIN_SPK=0;
USE_LINEIN_MIC=1;
vbox3_aec_level=1;
vbox3_agc_level=0;
vbox3_anc_level=0;
mic_shift2=2.46;]
handle_uart_frame:1939:+========>>>>>>s=322 pc=V
qtk_uart_client_isRunning:1637:=========================>>>>>>>>>>>>>>>>>>>>
qtk_uart_client_isRunning:1659:=========================>>>>>>>>>>>>>>>>>>>>
qtk_uart_client_isRunning:1661:=========================>>>>>>>>>>>>>>>>>>>>count=4
qtk_proc_write:730:input>[SET_MICANC_ON]
qtk_proc_write:739:====>>>>qtk_proc_write end once=0
send_response:3308:------------------------------>>>>>>>>>>>>>
send_response:3350:------------------------------>>>>>>>>>>>>>
qtk_uart_write2:414:step=4096
send_response:3355:Send log frame: len=10
send_response:3356:Header: 90 40
send_response:3357:Event: 01 05
send_response:3358:Length: 01 00 (1 bytes)
send_response:3362:value: 0x00
send_response:3369:CRC: 48 CC
send_response:3370:Footer: FF
handle_uart_frame:1962:------------------_>>>>>>>finish_send_response = 34.00,33.89
handle_uart_frame:1970:------------------_>>>>>>>now_delay = 37.59,37.47
handle_uart_frame:1971:---------------------------------->>>>>>>>>isnot_spk_count = 144
qtk_uart_client_trsn_run:1408:--------------->>>>>>>>>>>>>first_to_secendTime= 37.74
RESP_STATE_DATA_LENGTH:date_len : 1
data_index : 1
RESP_STATE_DATA:date_len : 1
Received Checksum: 49 74
qtk_uart_client_trsn_run:1501:----------------------now_delay = 0.10
handle_uart_frame:1704:Received event_code: 0x0107
handle_uart_frame:1705:-------=========================================---->>>>>
handle_uart_frame:2003:------------------_>>>>>>now_start_to_deal = 0.14,0.02
handle_uart_frame:2007:------------------_>>>>>>>now_delay = 0.21,0.10
handle_uart_frame:2010:================fread=[use_uart=1;
uart={
	dev=/dev/ttyS4; #串口节点
	baude=115200;#波特率
	c_flow=0;#流控(0 不使用| 1 硬件流控| 2 软件流控)
	bits=8; #数据位(5,6,7,8)
	parity=0;#校验位(0 不使用| 1 奇校验 | 2 偶检验)
	stop=1;#停止位(1 1停止位| 2 2停止位)
	step_size=4096;#每1ms 发送的字节数
};

VBOX3_ANS=1;
VBOX3_AGC=0;
VBOX3_AEC=0;
VBOX3_MIC=1;                                                       
VBOX3_SPK=0;                                         
VBOX3_LINEIN=0;
USE_LINEIN_SPK=0;
USE_LINEIN_MIC=1;
vbox3_aec_level=1;
vbox3_agc_level=0;
vbox3_anc_level=0;
mic_shift2=2.46;]
handle_uart_frame:2011:------------------_>>>>>>>now_delay = 0.35,0.23
handle_uart_frame:2015:------------------_>>>>>>>now_delay = 0.38,0.26
handle_uart_frame:2017:------------------_>>>>>>>now_delay = 0.39,0.27
handle_uart_frame:2021:+========>>>>>>s=335 pc=V
handle_uart_frame:2023:------------------_>>>>>>>now_delay = 0.45,0.33
handle_uart_frame:2025:------------------_>>>>>>>now_delay = 0.47,0.35
qtk_uart_client_isRunning:1637:=========================>>>>>>>>>>>>>>>>>>>>
qtk_uart_client_isRunning:1659:=========================>>>>>>>>>>>>>>>>>>>>
qtk_uart_client_isRunning:1661:=========================>>>>>>>>>>>>>>>>>>>>count=4
qtk_proc_write:730:input>[SET_MICAGC_OFF]
qtk_proc_write:739:====>>>>qtk_proc_write end once=0
handle_uart_frame:2041:------------------_>>>>>>>now_delay = 29.11,28.99
handle_uart_frame:2080:------------------_>>>>>>>now_delay = 29.19,29.07
send_response:3308:------------------------------>>>>>>>>>>>>>
send_response:3350:------------------------------>>>>>>>>>>>>>
qtk_uart_write2:414:step=4096
send_response:3355:Send log frame: len=10
send_response:3356:Header: 90 40
send_response:3357:Event: 01 07
send_response:3358:Length: 01 00 (1 bytes)
send_response:3362:value: 0x00
send_response:3369:CRC: 49 74
send_response:3370:Footer: FF
handle_uart_frame:2082:------------------_>>>>>>>finish_send_response = 30.54,30.42
handle_uart_frame:2092:------------------_>>>>>>>now_delay = 34.11,33.99
handle_uart_frame:2093:---------------------------------->>>>>>>>>isnot_spk_count = 145
qtk_uart_client_trsn_run:1408:--------------->>>>>>>>>>>>>first_to_secendTime= 342.74
RESP_STATE_DATA_LENGTH:date_len : 0
Received Checksum: E1 D9
qtk_uart_client_trsn_run:1501:----------------------now_delay = 0.11
handle_uart_frame:1704:Received event_code: 0x0106
handle_uart_frame:1705:-------=========================================---->>>>>
handle_uart_frame:2101:------------------_>>>>>>now_start_to_deal = 0.16,0.03
handle_uart_frame:2103:------------------_>>>>>>>now_delay = 0.17,0.04
qtk_uart_client_get_arg:755:==================>>>>>>>1024
handle_uart_frame:2105:agc status: 0
handle_uart_frame:2107:------------------_>>>>>>>now_delay = 0.38,0.25
handle_uart_frame:2113:------------------_>>>>>>>now_delay = 0.39,0.26
send_response:3308:------------------------------>>>>>>>>>>>>>
send_response:3350:------------------------------>>>>>>>>>>>>>
qtk_uart_write2:414:step=4096
send_response:3355:Send log frame: len=10
send_response:3356:Header: 90 40
send_response:3357:Event: 01 06
send_response:3358:Length: 01 00 (1 bytes)
send_response:3362:value: 0x00
send_response:3369:CRC: 48 88
send_response:3370:Footer: FF
handle_uart_frame:2115:------------------_>>>>>>>finish_send_response = 1.76,1.63
handle_uart_frame:2118:---------------------------------->>>>>>>>>isnot_spk_count = 146
qtk_uart_client_trsn_run:1408:--------------->>>>>>>>>>>>>first_to_secendTime= 329.10
RESP_STATE_DATA_LENGTH:date_len : 1
data_index : 1
RESP_STATE_DATA:date_len : 1
Received Checksum: 4B 9C
qtk_uart_client_trsn_run:1501:----------------------now_delay = 0.14
handle_uart_frame:1704:Received event_code: 0x0109
handle_uart_frame:1705:-------=========================================---->>>>>
handle_uart_frame:2125:------------------_>>>>>>now_start_to_deal = 0.19,0.03
handle_uart_frame:2129:------------------_>>>>>>>now_delay = 0.28,0.11
handle_uart_frame:2132:================fread=[use_uart=1;
uart={
	dev=/dev/ttyS4; #串口节点
	baude=115200;#波特率
	c_flow=0;#流控(0 不使用| 1 硬件流控| 2 软件流控)
	bits=8; #数据位(5,6,7,8)
	parity=0;#校验位(0 不使用| 1 奇校验 | 2 偶检验)
	stop=1;#停止位(1 1停止位| 2 2停止位)
	step_size=4096;#每1ms 发送的字节数
};

VBOX3_ANS=1;
VBOX3_AGC=0;
VBOX3_AEC=0;
VBOX3_MIC=1;                                                       
VBOX3_SPK=0;                                         
VBOX3_LINEIN=0;
USE_LINEIN_SPK=0;
USE_LINEIN_MIC=1;
vbox3_aec_level=1;
vbox3_agc_level=0;
vbox3_anc_level=0;
mic_shift2=2.46;]
handle_uart_frame:2133:------------------_>>>>>>>now_delay = 0.44,0.27
handle_uart_frame:2140:+========>>>>>>s=348 pc=V
handle_uart_frame:2142:------------------_>>>>>>>now_delay = 0.57,0.40
handle_uart_frame:2144:------------------_>>>>>>>now_delay = 0.58,0.42
qtk_uart_client_isRunning:1637:=========================>>>>>>>>>>>>>>>>>>>>
qtk_uart_client_isRunning:1659:=========================>>>>>>>>>>>>>>>>>>>>
qtk_uart_client_isRunning:1661:=========================>>>>>>>>>>>>>>>>>>>>count=4
qtk_proc_write:730:input>[SET_MICAEC_OFF]
qtk_proc_write:739:====>>>>qtk_proc_write end once=0
handle_uart_frame:2158:------------------_>>>>>>>now_delay = 33.43,33.26
handle_uart_frame:2208:------------------_>>>>>>>now_delay = 33.58,33.41
send_response:3308:------------------------------>>>>>>>>>>>>>
send_response:3350:------------------------------>>>>>>>>>>>>>
qtk_uart_write2:414:step=4096
send_response:3355:Send log frame: len=10
send_response:3356:Header: 90 40
send_response:3357:Event: 01 09
send_response:3358:Length: 01 00 (1 bytes)
send_response:3362:value: 0x00
send_response:3369:CRC: 4B 9C
send_response:3370:Footer: FF
handle_uart_frame:2210:------------------_>>>>>>>finish_send_response = 34.82,34.66
handle_uart_frame:2220:------------------_>>>>>>>now_delay = 38.08,37.92
handle_uart_frame:2221:---------------------------------->>>>>>>>>isnot_spk_count = 147
qtk_uart_client_trsn_run:1408:--------------->>>>>>>>>>>>>first_to_secendTime= 359.23
RESP_STATE_DATA_LENGTH:date_len : 0
Received Checksum: 80 1A
qtk_uart_client_trsn_run:1501:----------------------now_delay = 0.11
handle_uart_frame:1704:Received event_code: 0x0108
handle_uart_frame:1705:-------=========================================---->>>>>
handle_uart_frame:2228:------------------_>>>>>>now_start_to_deal = 0.23,0.10
handle_uart_frame:2230:------------------_>>>>>>>now_delay = 0.25,0.12
qtk_uart_client_get_arg:755:==================>>>>>>>1024
handle_uart_frame:2233:------------------_>>>>>>>now_delay = 0.45,0.32
handle_uart_frame:2234:AEC Response:AEC level 0
send_response:3308:------------------------------>>>>>>>>>>>>>
send_response:3350:------------------------------>>>>>>>>>>>>>
qtk_uart_write2:414:step=4096
send_response:3355:Send log frame: len=10
send_response:3356:Header: 90 40
send_response:3357:Event: 01 08
send_response:3358:Length: 01 00 (1 bytes)
send_response:3362:value: 0x00
send_response:3369:CRC: 4A 60
send_response:3370:Footer: FF
handle_uart_frame:2245:------------------_>>>>>>>finish_send_response = 1.76,1.63
handle_uart_frame:2247:------------------_>>>>>>>now_delay = 1.79,1.66
handle_uart_frame:2248:---------------------------------->>>>>>>>>isnot_spk_count = 148
qtk_uart_client_trsn_run:1408:--------------->>>>>>>>>>>>>first_to_secendTime= 340.25
RESP_STATE_DATA_LENGTH:date_len : 5
data_index : 1
data_index : 2
data_index : 3
data_index : 4
data_index : 5
RESP_STATE_DATA:date_len : 5
Received Checksum: 2F 68
qtk_uart_client_trsn_run:1501:----------------------now_delay = 0.20
handle_uart_frame:1704:Received event_code: 0x0112
handle_uart_frame:1705:-------=========================================---->>>>>
handle_uart_frame:2734:------------------_>>>>>>now_start_to_deal = 0.25,0.03
qtk_uart_client_isRunning:1637:=========================>>>>>>>>>>>>>>>>>>>>
qtk_uart_client_isRunning:1659:=========================>>>>>>>>>>>>>>>>>>>>
qtk_uart_client_isRunning:1661:=========================>>>>>>>>>>>>>>>>>>>>count=4
handle_uart_frame:2743:--------------SET_MICVOLUME==45
qtk_proc_write:730:input>[SET_MICVOLUME45]
qtk_proc_write:739:====>>>>qtk_proc_write end once=0
handle_uart_frame:2755:------------------_>>>>>>>now_delay = 32.07,31.85
send_response:3308:------------------------------>>>>>>>>>>>>>
send_response:3350:------------------------------>>>>>>>>>>>>>
qtk_uart_write2:414:step=4096
send_response:3355:Send log frame: len=10
send_response:3356:Header: 90 40
send_response:3357:Event: 01 12
send_response:3358:Length: 01 00 (1 bytes)
send_response:3362:value: 0x00
send_response:3369:CRC: 4D 78
send_response:3370:Footer: FF
handle_uart_frame:2757:------------------_>>>>>>>finish_send_response = 33.42,33.19
handle_uart_frame:2758:---------------------------------->>>>>>>>>isnot_spk_count = 149
qtk_uart_client_trsn_run:1408:--------------->>>>>>>>>>>>>first_to_secendTime= 357.63
RESP_STATE_DATA_LENGTH:date_len : 4
data_index : 1
data_index : 2
data_index : 3
data_index : 4
RESP_STATE_DATA:date_len : 4
Received Checksum: 90 7E
qtk_uart_client_trsn_run:1501:----------------------now_delay = 0.18
handle_uart_frame:1704:Received event_code: 0x0110
handle_uart_frame:1705:-------=========================================---->>>>>
handle_uart_frame:2717:------------------_>>>>>>now_start_to_deal = 0.23,0.03
handle_uart_frame:2721:------------------_>>>>>>>now_delay = 0.32,0.12
handle_uart_frame:2722:MIC volume_value: 0x2D
handle_uart_frame:2723:------------------_>>>>>>>now_delay = 0.35,0.15
send_response:3308:------------------------------>>>>>>>>>>>>>
send_response:3350:------------------------------>>>>>>>>>>>>>
qtk_uart_write2:414:step=4096
send_response:3355:Send log frame: len=10
send_response:3356:Header: 90 40
send_response:3357:Event: 01 10
send_response:3358:Length: 01 00 (1 bytes)
send_response:3362:value: 0x2D
send_response:3369:CRC: 8C DD
send_response:3370:Footer: FF
handle_uart_frame:2725:------------------_>>>>>>>finish_send_response = 1.58,1.38
handle_uart_frame:2726:---------------------------------->>>>>>>>>isnot_spk_count = 150
qtk_uart_client_trsn_run:1408:--------------->>>>>>>>>>>>>first_to_secendTime= 320.08
RESP_STATE_DATA_LENGTH:date_len : 5
data_index : 1
data_index : 2
data_index : 3
data_index : 4
data_index : 5
RESP_STATE_DATA:date_len : 5
Received Checksum: 57 40
qtk_uart_client_trsn_run:1501:----------------------now_delay = 0.17
handle_uart_frame:1704:Received event_code: 0x0113
handle_uart_frame:1705:-------=========================================---->>>>>
handle_uart_frame:2791:------------------>>>>>>92
handle_uart_frame:2799:------->echo 92 > /sys/bus/i2c/devices/3-006d/volume
handle_uart_frame:2807:------->echo 92 > /sys/bus/i2c/devices/3-0069/volume
send_response:3308:------------------------------>>>>>>>>>>>>>
send_response:3350:------------------------------>>>>>>>>>>>>>
qtk_uart_write2:414:step=4096
send_response:3355:Send log frame: len=10
send_response:3356:Header: 90 40
send_response:3357:Event: 01 13
send_response:3358:Length: 01 00 (1 bytes)
send_response:3362:value: 0x00
send_response:3369:CRC: 4C 84
send_response:3370:Footer: FF
handle_uart_frame:2809:------------------_>>>>>>>finish_send_response = 4.97,4.73
qtk_uart_client_trsn_run:1408:--------------->>>>>>>>>>>>>first_to_secendTime= 329.66
RESP_STATE_DATA_LENGTH:date_len : 4
data_index : 1
data_index : 2
data_index : 3
data_index : 4
RESP_STATE_DATA:date_len : 4
Received Checksum: 81 06
qtk_uart_client_trsn_run:1501:----------------------now_delay = 0.16
handle_uart_frame:1704:Received event_code: 0x0111
handle_uart_frame:1705:-------=========================================---->>>>>
handle_uart_frame:2769:------------------_>>>>>>now_start_to_deal = 0.34,0.06
handle_uart_frame:2774:------------------_>>>>>>>now_delay = 0.36,0.08
handle_uart_frame:2776:The value is: 92
handle_uart_frame:2780:------------------_>>>>>>>now_delay = 2.72,2.44
send_response:3308:------------------------------>>>>>>>>>>>>>
send_response:3350:------------------------------>>>>>>>>>>>>>
qtk_uart_write2:414:step=4096
send_response:3355:Send log frame: len=10
send_response:3356:Header: 90 40
send_response:3357:Event: 01 11
send_response:3358:Length: 01 00 (1 bytes)
send_response:3362:value: 0x5C
send_response:3369:CRC: 4D 05
send_response:3370:Footer: FF
handle_uart_frame:2782:------------------_>>>>>>>finish_send_response = 4.09,3.81
handle_uart_frame:2783:---------------------------------->>>>>>>>>isnot_spk_count = 151
qtk_uart_client_trsn_run:1408:--------------->>>>>>>>>>>>>first_to_secendTime= 325.62
RESP_STATE_DATA_LENGTH:date_len : 1
data_index : 1
RESP_STATE_DATA:date_len : 1
Received Checksum: 4E 6C
qtk_uart_client_trsn_run:1501:----------------------now_delay = 0.12
handle_uart_frame:1704:Received event_code: 0x011D
handle_uart_frame:1705:-------=========================================---->>>>>
apply_eq_from_json_text_wtk:196:[EQ][apply] main write code=0x13 ret=0 (freq=1000.0, B=1, L=3)
apply_eq_from_json_text_wtk:219:[EQ][apply] summary: total=1, wrote_main=1, wrote_bass=0
handle_uart_frame:3036:[EQ][011D] mode persisted: 0 (0:STD,1:WALL,2:RECESSED)
send_response:3308:------------------------------>>>>>>>>>>>>>
send_response:3350:------------------------------>>>>>>>>>>>>>
qtk_uart_write2:414:step=4096
send_response:3355:Send log frame: len=10
send_response:3356:Header: 90 40
send_response:3357:Event: 01 1D
send_response:3358:Length: 01 00 (1 bytes)
send_response:3362:value: 0x00
send_response:3369:CRC: 4E 6C
send_response:3370:Footer: FF
qtk_uart_client_trsn_run:1408:--------------->>>>>>>>>>>>>first_to_secendTime= 355.38
RESP_STATE_DATA_LENGTH:date_len : 1
data_index : 1
RESP_STATE_DATA:date_len : 1
Received Checksum: 4F 90
qtk_uart_client_trsn_run:1501:----------------------now_delay = 0.16
handle_uart_frame:1704:Received event_code: 0x011C
handle_uart_frame:1705:-------=========================================---->>>>>
handle_uart_frame:2910:------------------_>>>>>>now_start_to_deal = 0.22,0.02
send_response:3308:------------------------------>>>>>>>>>>>>>
send_response:3350:------------------------------>>>>>>>>>>>>>
qtk_uart_write2:414:step=4096
send_response:3355:Send log frame: len=10
send_response:3356:Header: 90 40
send_response:3357:Event: 01 1C
send_response:3358:Length: 01 00 (1 bytes)
send_response:3362:value: 0x00
send_response:3369:CRC: 4F 90
send_response:3370:Footer: FF
handle_uart_frame:2936:---------------------------------->>>>>>>>>isnot_spk_count = 153
qtk_uart_client_trsn_run:1408:--------------->>>>>>>>>>>>>first_to_secendTime= 329.34
RESP_STATE_DATA_LENGTH:date_len : 1
data_index : 1
RESP_STATE_DATA:date_len : 1
Received Checksum: 8E 14
qtk_uart_client_trsn_run:1501:----------------------now_delay = 0.12
handle_uart_frame:1704:Received event_code: 0x011F
handle_uart_frame:1705:-------=========================================---->>>>>
handle_uart_frame:3062:------------------_>>>>>>now_start_to_deal = 0.17,0.03
qtk_uart_client_isRunning:1637:=========================>>>>>>>>>>>>>>>>>>>>
qtk_uart_client_isRunning:1659:=========================>>>>>>>>>>>>>>>>>>>>
qtk_uart_client_isRunning:1661:=========================>>>>>>>>>>>>>>>>>>>>count=4
handle_uart_frame:3070:--------------SET_LINEOUTPATTERN=1
handle_uart_frame:3072:------------------_>>>>>>>now_delay = 39.47,39.32
qtk_proc_write:730:input>[SET_LINEOUTPATTERN1]
qtk_proc_write:739:====>>>>qtk_proc_write end once=0
handle_uart_frame:3077:------------------_>>>>>>>now_delay = 39.58,39.43
handle_uart_frame:3085:------------------_>>>>>>>now_delay = 39.60,39.45
handle_uart_frame:3087:----------------------now_delay = 139.79
send_response:3308:------------------------------>>>>>>>>>>>>>
send_response:3350:------------------------------>>>>>>>>>>>>>
qtk_uart_write2:414:step=4096
send_response:3355:Send log frame: len=10
send_response:3356:Header: 90 40
send_response:3357:Event: 01 1F
send_response:3358:Length: 01 00 (1 bytes)
send_response:3362:value: 0x00
send_response:3369:CRC: 4F D4
send_response:3370:Footer: FF
handle_uart_frame:3089:------------------_>>>>>>>finish_send_response = 141.35,141.21
handle_uart_frame:3090:---------------------------------->>>>>>>>>isnot_spk_count = 154
qtk_uart_client_trsn_run:1408:--------------->>>>>>>>>>>>>first_to_secendTime= 461.06
RESP_STATE_DATA_LENGTH:date_len : 1
data_index : 1
RESP_STATE_DATA:date_len : 1
Received Checksum: 4E 28
qtk_uart_client_trsn_run:1501:----------------------now_delay = 0.12
handle_uart_frame:1704:Received event_code: 0x011E
handle_uart_frame:1705:-------=========================================---->>>>>
handle_uart_frame:3050:------------------_>>>>>>now_start_to_deal = 0.21,0.03
send_response:3308:------------------------------>>>>>>>>>>>>>
send_response:3350:------------------------------>>>>>>>>>>>>>
qtk_uart_write2:414:step=4096
send_response:3355:Send log frame: len=10
send_response:3356:Header: 90 40
send_response:3357:Event: 01 1E
send_response:3358:Length: 01 00 (1 bytes)
send_response:3362:value: 0x01
send_response:3369:CRC: 8F E8
send_response:3370:Footer: FF
handle_uart_frame:3053:------------------_>>>>>>>finish_send_response = 1.54,1.35
handle_uart_frame:3054:---------------------------------->>>>>>>>>isnot_spk_count = 154
qtk_uart_client_trsn_run:1408:--------------->>>>>>>>>>>>>first_to_secendTime= 327.64
RESP_STATE_DATA_LENGTH:date_len : 4
data_index : 1
data_index : 2
data_index : 3
data_index : 4
RESP_STATE_DATA:date_len : 4
Received Checksum: A2 7F
qtk_uart_client_trsn_run:1501:----------------------now_delay = 0.16
handle_uart_frame:1704:Received event_code: 0x0102
handle_uart_frame:1705:-------=========================================---->>>>>
handle_uart_frame:1802:------------------------resp = 0
send_response:3308:------------------------------>>>>>>>>>>>>>
send_response:3350:------------------------------>>>>>>>>>>>>>
qtk_uart_write2:414:step=4096
send_response:3355:Send log frame: len=10
send_response:3356:Header: 90 40
send_response:3357:Event: 01 02
send_response:3358:Length: 01 00 (1 bytes)
send_response:3362:value: 0x00
send_response:3369:CRC: 49 B8
send_response:3370:Footer: FF
handle_uart_frame:1821:---------------------------------->>>>>>>>>isnot_spk_count = 154
qtk_uart_client_trsn_run:1408:--------------->>>>>>>>>>>>>first_to_secendTime= 315.53
RESP_STATE_DATA_LENGTH:date_len : 1
data_index : 1
RESP_STATE_DATA:date_len : 1
Received Checksum: 4F 63
qtk_uart_client_trsn_run:1501:----------------------now_delay = 0.13
handle_uart_frame:1704:Received event_code: 0x0118
handle_uart_frame:1705:-------=========================================---->>>>>
handle_uart_frame:2862:------------------_>>>>>>now_start_to_deal = 0.26,0.03
qtk_uart_client_isRunning:1637:=========================>>>>>>>>>>>>>>>>>>>>
qtk_uart_client_isRunning:1659:=========================>>>>>>>>>>>>>>>>>>>>
qtk_uart_client_isRunning:1661:=========================>>>>>>>>>>>>>>>>>>>>count=4
handle_uart_frame:2865:------------------_>>>>>>>now_delay = 38.68,38.45
handle_uart_frame:2869:------------------_>>>>>>>now_delay = 38.76,38.53
handle_uart_frame:2872:-----------------frame->data[1]:4
handle_uart_frame:2873:------------------_>>>>>>>now_delay = 38.79,38.56
qtk_proc_write:730:input>[SPEAKER_CONRTOL04]
qtk_proc_write:739:====>>>>qtk_proc_write end once=0
handle_uart_frame:2876:------------------_>>>>>>>now_delay = 38.84,38.61
handle_uart_frame:2881:------------------_>>>>>>>now_delay = 38.85,38.62
send_response:3308:------------------------------>>>>>>>>>>>>>
send_response:3350:------------------------------>>>>>>>>>>>>>
qtk_uart_write2:414:step=4096
send_response:3355:Send log frame: len=10
send_response:3356:Header: 90 40
send_response:3357:Event: 01 18
send_response:3358:Length: 01 00 (1 bytes)
send_response:3362:value: 0x00
send_response:3369:CRC: 4E A0
send_response:3370:Footer: FF
handle_uart_frame:2883:------------------_>>>>>>>finish_send_response = 40.29,40.06
handle_uart_frame:2884:----------------------------->>>>>>>isnot_spk_count=155
qtk_uart_client_trsn_run:1408:--------------->>>>>>>>>>>>>first_to_secendTime= 359.11
RESP_STATE_DATA_LENGTH:date_len : 5
data_index : 1
data_index : 2
data_index : 3
data_index : 4
data_index : 5
RESP_STATE_DATA:date_len : 5
Received Checksum: 2F E0
qtk_uart_client_trsn_run:1501:----------------------now_delay = 0.29
handle_uart_frame:1704:Received event_code: 0x010F
handle_uart_frame:1705:-------=========================================---->>>>>
handle_uart_frame:2588:------------------_>>>>>>now_start_to_deal = 0.40,0.04
qtk_uart_client_isRunning:1637:=========================>>>>>>>>>>>>>>>>>>>>
qtk_uart_client_isRunning:1659:=========================>>>>>>>>>>>>>>>>>>>>
qtk_uart_client_isRunning:1661:=========================>>>>>>>>>>>>>>>>>>>>count=4
handle_uart_frame:2593:------------------_>>>>>>>now_delay = 36.275000
handle_uart_frame:2600:+========>>>>>>s=517 pc=U
handle_uart_frame:2605:------------------_>>>>>>>now_delay = 37.08,36.72
handle_uart_frame:2609:------------------_>>>>>>>now_delay = 36.820000
qtk_proc_write:730:input>[ENABLE_LINEIN_MIC]
qtk_proc_write:739:====>>>>qtk_proc_write end once=0
handle_uart_frame:2652:------------------_>>>>>>>now_delay = 36.891000
send_response:3308:------------------------------>>>>>>>>>>>>>
send_response:3350:------------------------------>>>>>>>>>>>>>
qtk_uart_write2:414:step=4096
send_response:3355:Send log frame: len=10
send_response:3356:Header: 90 40
send_response:3357:Event: 01 0F
send_response:3358:Length: 01 00 (1 bytes)
send_response:3362:value: 0x00
send_response:3369:CRC: 4B 14
send_response:3370:Footer: FF
handle_uart_frame:2654:------------------_>>>>>>>finish_send_response = 38.84,38.48
handle_uart_frame:2655:---------------------------------->>>>>>>>>isnot_spk_count = 156
qtk_uart_client_trsn_run:1408:--------------->>>>>>>>>>>>>first_to_secendTime= 360.20
RESP_STATE_DATA_LENGTH:date_len : 4
data_index : 1
data_index : 2
data_index : 3
data_index : 4
RESP_STATE_DATA:date_len : 4
Received Checksum: 3A 7E
qtk_uart_client_trsn_run:1501:----------------------now_delay = 0.18
handle_uart_frame:1704:Received event_code: 0x011A
handle_uart_frame:1705:-------=========================================---->>>>>
send_response:3308:------------------------------>>>>>>>>>>>>>
send_response:3350:------------------------------>>>>>>>>>>>>>
qtk_uart_write2:414:step=4096
send_response:3355:Send log frame: len=10
send_response:3356:Header: 90 40
send_response:3357:Event: 01 1A
send_response:3358:Length: 01 00 (1 bytes)
send_response:3362:value: 0x01
send_response:3369:CRC: 8E D8
send_response:3370:Footer: FF
qtk_uart_client_trsn_run:1408:--------------->>>>>>>>>>>>>first_to_secendTime= 321.51
RESP_STATE_DATA_LENGTH:date_len : 5
data_index : 1
data_index : 2
data_index : 3
data_index : 4
data_index : 5
RESP_STATE_DATA:date_len : 5
Received Checksum: 16 39
qtk_uart_client_trsn_run:1501:----------------------now_delay = 0.20
handle_uart_frame:1704:Received event_code: 0x010D
handle_uart_frame:1705:-------=========================================---->>>>>
handle_uart_frame:2444:------------------_>>>>>>now_start_to_deal = 0.27,0.03
qtk_uart_client_isRunning:1637:=========================>>>>>>>>>>>>>>>>>>>>
qtk_uart_client_isRunning:1659:=========================>>>>>>>>>>>>>>>>>>>>
qtk_uart_client_isRunning:1661:=========================>>>>>>>>>>>>>>>>>>>>count=4
handle_uart_frame:2479:+========>>>>>>s=429 pc=V
handle_uart_frame:2488:------------------_>>>>>>>now_delay = 45.20,44.96
qtk_proc_write:730:input>[ENABLE_SPK]
qtk_proc_write:739:====>>>>qtk_proc_write end once=0
handle_uart_frame:2491:------------------_>>>>>>>now_delay = 45.27,45.03
handle_uart_frame:2498:------------------_>>>>>>>now_delay = 45.33,45.08
send_response:3308:------------------------------>>>>>>>>>>>>>
send_response:3350:------------------------------>>>>>>>>>>>>>
qtk_uart_write2:414:step=4096
send_response:3355:Send log frame: len=10
send_response:3356:Header: 90 40
send_response:3357:Event: 01 0D
send_response:3358:Length: 01 00 (1 bytes)
send_response:3362:value: 0x00
send_response:3369:CRC: 4A AC
send_response:3370:Footer: FF
handle_uart_frame:2500:------------------_>>>>>>>finish_send_response = 46.66,46.42
handle_uart_frame:2500:------------------_>>>>>>>now_delay = 46.69,46.45
handle_uart_frame:2508:------------------_>>>>>>>now_delay = 54.65,54.41
handle_uart_frame:2511:---------------------------------->>>>>>>>>isnot_spk_count = 158
send_audio_status_frame:312:-------------------------------->>>>>>
send_audio_status_frame:318:-------------------------------->>>>>>
send_audio_status_frame:326:-------------------------------->>>>>>
send_audio_status_frame:396:-------------------------------->>>>>>
send_response:3308:------------------------------>>>>>>>>>>>>>
send_response:3350:------------------------------>>>>>>>>>>>>>
qtk_uart_write2:414:step=4096
send_response:3355:Send log frame: len=147
send_response:3356:Header: 90 40
send_response:3357:Event: 01 16
send_response:3358:Length: 8A 00 (138 bytes)
send_response:3369:CRC: 3C F7
send_response:3370:Footer: FF
send_audio_status_frame:399:-------------------------------->>>>>>
send_audio_status_frame:401:-------------------------------->>>>>>
qtk_uart_client_trsn_run:1408:--------------->>>>>>>>>>>>>first_to_secendTime= 358.58
RESP_STATE_DATA_LENGTH:date_len : 0
Received Checksum: 21 DA
qtk_uart_client_trsn_run:1501:----------------------now_delay = 0.10
handle_uart_frame:1704:Received event_code: 0x010A
handle_uart_frame:1705:-------=========================================---->>>>>
handle_uart_frame:2256:------------------_>>>>>>now_start_to_deal = 0.15,0.03
qtk_uart_client_isRunning:1637:=========================>>>>>>>>>>>>>>>>>>>>
qtk_uart_client_isRunning:1659:=========================>>>>>>>>>>>>>>>>>>>>
qtk_uart_client_isRunning:1661:=========================>>>>>>>>>>>>>>>>>>>>count=4
qtk_proc_write:730:input>[INPUT_INFOR]
qtk_proc_write:739:====>>>>qtk_proc_write end once=0
qtk_uart_write2:414:step=4096
qtk_uart_write2:414:step=4096
qtk_uart_write2:414:step=4096
handle_uart_frame:2300:---------------------------------->>>>>>>>>isnot_spk_count = 159
qtk_uart_client_trsn_run:1408:--------------->>>>>>>>>>>>>first_to_secendTime= 4858.57
RESP_STATE_DATA_LENGTH:date_len : 4
data_index : 1
data_index : 2
data_index : 3
data_index : 4
RESP_STATE_DATA:date_len : 4
Received Checksum: 90 C7
qtk_uart_client_trsn_run:1501:----------------------now_delay = 0.14
handle_uart_frame:1704:Received event_code: 0x0101
handle_uart_frame:1705:-------=========================================---->>>>>
send_response:3308:------------------------------>>>>>>>>>>>>>
send_response:3350:------------------------------>>>>>>>>>>>>>
qtk_uart_write2:414:step=4096
send_response:3355:Send log frame: len=10
send_response:3356:Header: 90 40
send_response:3357:Event: 01 01
send_response:3358:Length: 01 00 (1 bytes)
send_response:3362:value: 0x00
send_response:3369:CRC: 49 FC
send_response:3370:Footer: FF
handle_uart_frame:1764:------------------_>>>>>>>finish_send_response = 1.58,1.42
handle_uart_frame:1769:---------------------------------->>>>>>>>>isnot_spk_count = 159
qtk_uart_client_trsn_run:1408:--------------->>>>>>>>>>>>>first_to_secendTime= 1.67
RESP_STATE_DATA_LENGTH:date_len : 5
data_index : 1
data_index : 2
data_index : 3
data_index : 4
data_index : 5
RESP_STATE_DATA:date_len : 5
Received Checksum: AE 35
qtk_uart_client_trsn_run:1501:----------------------now_delay = 0.17
handle_uart_frame:1704:Received event_code: 0x010C
handle_uart_frame:1705:-------=========================================---->>>>>
handle_uart_frame:2364:------------------_>>>>>>now_start_to_deal = 0.20,0.02
handle_uart_frame:2366:------------------_>>>>>>>now_delay = 0.22,0.04
qtk_uart_client_isRunning:1637:=========================>>>>>>>>>>>>>>>>>>>>
qtk_uart_client_isRunning:1659:=========================>>>>>>>>>>>>>>>>>>>>
qtk_uart_client_isRunning:1661:=========================>>>>>>>>>>>>>>>>>>>>count=4
handle_uart_frame:2397:------------------_>>>>>>>now_delay = 33.87,33.69
handle_uart_frame:2403:+========>>>>>>s=361 pc=V
handle_uart_frame:2408:------------------_>>>>>>>now_delay = 34.22,34.04
qtk_proc_write:730:input>[ENABLE_MIC]
qtk_proc_write:739:====>>>>qtk_proc_write end once=0
handle_uart_frame:2422:------------------_>>>>>>>now_delay = 34.29,34.11
send_response:3308:------------------------------>>>>>>>>>>>>>
send_response:3350:------------------------------>>>>>>>>>>>>>
qtk_uart_write2:414:step=4096
send_response:3355:Send log frame: len=10
send_response:3356:Header: 90 40
send_response:3357:Event: 01 0C
send_response:3358:Length: 01 00 (1 bytes)
send_response:3362:value: 0x00
send_response:3369:CRC: 4B 50
send_response:3370:Footer: FF
handle_uart_frame:2424:------------------_>>>>>>>finish_send_response = 35.68,35.50
handle_uart_frame:2431:------------------_>>>>>>>now_delay = 43.27,43.09
handle_uart_frame:2433:---------------------------------->>>>>>>>>isnot_spk_count = 160
qtk_uart_client_trsn_run:1408:--------------->>>>>>>>>>>>>first_to_secendTime= 43.43
RESP_STATE_DATA_LENGTH:date_len : 110
data_index : 1
data_index : 2
data_index : 3
data_index : 4
data_index : 5
data_index : 6
data_index : 7
data_index : 8
data_index : 9
data_index : 10
data_index : 11
data_index : 12
data_index : 13
data_index : 14
data_index : 15
data_index : 16
data_index : 17
data_index : 18
data_index : 19
data_index : 20
data_index : 21
data_index : 22
data_index : 23
data_index : 24
data_index : 25
data_index : 26
data_index : 27
data_index : 28
data_index : 29
data_index : 30
data_index : 31
data_index : 32
data_index : 33
data_index : 34
data_index : 35
data_index : 36
data_index : 37
data_index : 38
data_index : 39
data_index : 40
data_index : 41
data_index : 42
data_index : 43
data_index : 44
data_index : 45
data_index : 46
data_index : 47
data_index : 48
data_index : 49
data_index : 50
data_index : 51
data_index : 52
data_index : 53
data_index : 54
data_index : 55
data_index : 56
data_index : 57
data_index : 58
data_index : 59
data_index : 60
data_index : 61
data_index : 62
data_index : 63
data_index : 64
data_index : 65
data_index : 66
data_index : 67
data_index : 68
data_index : 69
data_index : 70
data_index : 71
data_index : 72
data_index : 73
data_index : 74
data_index : 75
data_index : 76
data_index : 77
data_index : 78
data_index : 79
data_index : 80
data_index : 81
data_index : 82
data_index : 83
data_index : 84
data_index : 85
data_index : 86
data_index : 87
data_index : 88
data_index : 89
data_index : 90
data_index : 91
data_index : 92
data_index : 93
data_index : 94
data_index : 95
data_index : 96
data_index : 97
data_index : 98
data_index : 99
data_index : 100
data_index : 101
data_index : 102
data_index : 103
data_index : 104
data_index : 105
data_index : 106
data_index : 107
data_index : 108
data_index : 109
data_index : 110
RESP_STATE_DATA:date_len : 110
Received Checksum: CD 31
qtk_uart_client_trsn_run:1501:----------------------now_delay = 1.76
handle_uart_frame:1704:Received event_code: 0x0103
handle_uart_frame:1705:-------=========================================---->>>>>
handle_uart_frame:1832:[EQ][0103] === Start EQ output setting ===
handle_uart_frame:1835:[EQ][0103] Step 1: Checking payload validity...
handle_uart_frame:1842:[EQ][0103] Payload check passed
handle_uart_frame:1845:[EQ][0103] Step 2: Sanitizing payload...
handle_uart_frame:1855:[EQ][0103] Payload sanitized. Length = 106
handle_uart_frame:1858:[EQ][0103] Step 3: Saving to file /oem/qdreamer/qsound/eq.json...
handle_uart_frame:1865:[EQ][0103] File saved successfully
handle_uart_frame:1868:[EQ][0103] Step 4: Applying EQ settings in current thread...
apply_eq_from_json_text_wtk:196:[EQ][apply] main write code=0x01 ret=0 (freq=200.0, B=0, L=1)
apply_eq_from_json_text_wtk:207:[EQ][apply] bass write code=0x01 ret=0 (freq=200.0)
apply_eq_from_json_text_wtk:196:[EQ][apply] main write code=0x14 ret=0 (freq=2000.0, B=1, L=4)
apply_eq_from_json_text_wtk:196:[EQ][apply] main write code=0x20 ret=0 (freq=6000.0, B=2, L=0)
apply_eq_from_json_text_wtk:219:[EQ][apply] summary: total=3, wrote_main=3, wrote_bass=1
handle_uart_frame:1876:[EQ][0103] EQ applied successfully
handle_uart_frame:1879:[EQ][0103] Step 5: Sending success response...
send_response:3308:------------------------------>>>>>>>>>>>>>
send_response:3350:------------------------------>>>>>>>>>>>>>
qtk_uart_write2:414:step=4096
send_response:3355:Send log frame: len=10
send_response:3356:Header: 90 40
send_response:3357:Event: 01 03
send_response:3358:Length: 01 00 (1 bytes)
send_response:3362:value: 0x00
send_response:3369:CRC: 48 44
send_response:3370:Footer: FF
handle_uart_frame:1883:[EQ][0103] === End EQ output setting ===
qtk_uart_client_trsn_run:1408:--------------->>>>>>>>>>>>>first_to_secendTime= 56.36
RESP_STATE_DATA_LENGTH:date_len : 0
Received Checksum: 70 1A
qtk_uart_client_trsn_run:1501:----------------------now_delay = 0.09
handle_uart_frame:1704:Received event_code: 0x010B
handle_uart_frame:1705:-------=========================================---->>>>>
handle_uart_frame:2308:------------------_>>>>>>now_start_to_deal = 0.13,0.02
qtk_uart_client_isRunning:1637:=========================>>>>>>>>>>>>>>>>>>>>
qtk_uart_client_isRunning:1659:=========================>>>>>>>>>>>>>>>>>>>>
qtk_uart_client_isRunning:1661:=========================>>>>>>>>>>>>>>>>>>>>count=4
qtk_proc_write:730:input>[OUTPUT_INFOR]
qtk_proc_write:739:====>>>>qtk_proc_write end once=0
handle_uart_frame:2322:------------------_>>>>>>>now_delay = 31.92,31.82
handle_uart_frame:2324:------------------_>>>>>>>now_delay = 31.96,31.85
handle_uart_frame:2355:---------------------------------->>>>>>>>>isnot_spk_count = 161
qtk_uart_client_trsn_run:1408:--------------->>>>>>>>>>>>>first_to_secendTime= 4898.52
RESP_STATE_DATA_LENGTH:date_len : 5
data_index : 1
data_index : 2
data_index : 3
data_index : 4
data_index : 5
RESP_STATE_DATA:date_len : 5
Received Checksum: 56 2C
qtk_uart_client_trsn_run:1501:----------------------now_delay = 0.19
handle_uart_frame:1704:Received event_code: 0x010E
handle_uart_frame:1705:-------=========================================---->>>>>
handle_uart_frame:2522:------------------_>>>>>>now_start_to_deal = 0.33,0.03
qtk_uart_client_isRunning:1637:=========================>>>>>>>>>>>>>>>>>>>>
qtk_uart_client_isRunning:1659:=========================>>>>>>>>>>>>>>>>>>>>
qtk_uart_client_isRunning:1661:=========================>>>>>>>>>>>>>>>>>>>>count=4
handle_uart_frame:2555:+========>>>>>>s=483 pc=V
handle_uart_frame:2560:------------------_>>>>>>>now_delay = 38.06,37.76
handle_uart_frame:2565:------------------------->>>>>>>>>>>>>>>>>
qtk_proc_write:730:input>[ENABLE_LINEIN_KWS]
qtk_proc_write:739:====>>>>qtk_proc_write end once=0
handle_uart_frame:2573:------------------_>>>>>>>now_delay = 37.848000
send_response:3308:------------------------------>>>>>>>>>>>>>
send_response:3350:------------------------------>>>>>>>>>>>>>
qtk_uart_write2:414:step=4096
send_response:3355:Send log frame: len=10
send_response:3356:Header: 90 40
send_response:3357:Event: 01 0E
send_response:3358:Length: 01 00 (1 bytes)
send_response:3362:value: 0x00
send_response:3369:CRC: 4A E8
send_response:3370:Footer: FF
handle_uart_frame:2575:------------------_>>>>>>>finish_send_response = 39.56,39.26
handle_uart_frame:2576:------------------_>>>>>>>now_delay = 39.331000
handle_uart_frame:2580:---------------------------------->>>>>>>>>isnot_spk_count = 162
qtk_uart_client_trsn_run:1408:--------------->>>>>>>>>>>>>first_to_secendTime= 39.76
RESP_STATE_DATA_LENGTH:date_len : 1
data_index : 1
RESP_STATE_DATA:date_len : 1
Received Checksum: 48 CC
qtk_uart_client_trsn_run:1501:----------------------now_delay = 0.13
handle_uart_frame:1704:Received event_code: 0x0105
handle_uart_frame:1705:-------=========================================---->>>>>
handle_uart_frame:1890:------------------_>>>>>>now_start_to_deal = 0.22,0.07
handle_uart_frame:1896:================fread=[use_uart=1;
uart={
	dev=/dev/ttyS4; #串口节点
	baude=115200;#波特率
	c_flow=0;#流控(0 不使用| 1 硬件流控| 2 软件流控)
	bits=8; #数据位(5,6,7,8)
	parity=0;#校验位(0 不使用| 1 奇校验 | 2 偶检验)
	stop=1;#停止位(1 1停止位| 2 2停止位)
	step_size=4096;#每1ms 发送的字节数
};

VBOX3_ANS=1;
VBOX3_AGC=0;
VBOX3_AEC=0;
VBOX3_MIC=1;                                                       
VBOX3_SPK=1;                                         
VBOX3_LINEIN=1;
USE_LINEIN_SPK=0;
USE_LINEIN_MIC=1;
vbox3_aec_level=1;
vbox3_agc_level=0;
vbox3_anc_level=0;
mic_shift2=2.46;]
handle_uart_frame:1904:+========>>>>>>s=322 pc=V
qtk_uart_client_isRunning:1637:=========================>>>>>>>>>>>>>>>>>>>>
qtk_uart_client_isRunning:1659:=========================>>>>>>>>>>>>>>>>>>>>
qtk_uart_client_isRunning:1661:=========================>>>>>>>>>>>>>>>>>>>>count=4
qtk_proc_write:730:input>[SET_MICANC_OFF]
qtk_proc_write:739:====>>>>qtk_proc_write end once=0
handle_uart_frame:1926:------------------_>>>>>>>now_delay = 31.30,31.15
send_response:3308:------------------------------>>>>>>>>>>>>>
send_response:3350:------------------------------>>>>>>>>>>>>>
qtk_uart_write2:414:step=4096
send_response:3355:Send log frame: len=10
send_response:3356:Header: 90 40
send_response:3357:Event: 01 05
send_response:3358:Length: 01 00 (1 bytes)
send_response:3362:value: 0x00
send_response:3369:CRC: 48 CC
send_response:3370:Footer: FF
handle_uart_frame:1962:------------------_>>>>>>>finish_send_response = 32.62,32.47
handle_uart_frame:1970:------------------_>>>>>>>now_delay = 41.96,41.81
handle_uart_frame:1971:---------------------------------->>>>>>>>>isnot_spk_count = 163
qtk_uart_client_trsn_run:1408:--------------->>>>>>>>>>>>>first_to_secendTime= 42.11
RESP_STATE_DATA_LENGTH:date_len : 1
data_index : 1
RESP_STATE_DATA:date_len : 1
Received Checksum: 88 B4
qtk_uart_client_trsn_run:1501:----------------------now_delay = 0.10
handle_uart_frame:1704:Received event_code: 0x0107
handle_uart_frame:1705:-------=========================================---->>>>>
handle_uart_frame:2003:------------------_>>>>>>now_start_to_deal = 0.22,0.03
handle_uart_frame:2045:------------------_>>>>>>>now_delay = 0.29,0.10
handle_uart_frame:2049:------------------_>>>>>>>now_delay = 0.38,0.19
handle_uart_frame:2053:------------------_>>>>>>>now_delay = 0.40,0.20
handle_uart_frame:2058:+========>>>>>>s=335 pc=V
handle_uart_frame:2060:------------------_>>>>>>>now_delay = 0.45,0.25
qtk_uart_client_isRunning:1637:=========================>>>>>>>>>>>>>>>>>>>>
qtk_uart_client_isRunning:1659:=========================>>>>>>>>>>>>>>>>>>>>
qtk_uart_client_isRunning:1661:=========================>>>>>>>>>>>>>>>>>>>>count=4
qtk_proc_write:730:input>[SET_MICAGC_ON]
qtk_proc_write:739:====>>>>qtk_proc_write end once=0
handle_uart_frame:2080:------------------_>>>>>>>now_delay = 33.14,32.94
send_response:3308:------------------------------>>>>>>>>>>>>>
send_response:3350:------------------------------>>>>>>>>>>>>>
qtk_uart_write2:414:step=4096
send_response:3355:Send log frame: len=10
send_response:3356:Header: 90 40
send_response:3357:Event: 01 07
send_response:3358:Length: 01 00 (1 bytes)
send_response:3362:value: 0x00
send_response:3369:CRC: 49 74
send_response:3370:Footer: FF
handle_uart_frame:2082:------------------_>>>>>>>finish_send_response = 34.57,34.38
handle_uart_frame:2092:------------------_>>>>>>>now_delay = 37.94,37.75
handle_uart_frame:2093:---------------------------------->>>>>>>>>isnot_spk_count = 164
qtk_uart_client_trsn_run:1408:--------------->>>>>>>>>>>>>first_to_secendTime= 38.10
RESP_STATE_DATA_LENGTH:date_len : 1
data_index : 1
RESP_STATE_DATA:date_len : 1
Received Checksum: 4B 9C
qtk_uart_client_trsn_run:1501:----------------------now_delay = 0.11
handle_uart_frame:1704:Received event_code: 0x0109
handle_uart_frame:1705:-------=========================================---->>>>>
handle_uart_frame:2125:------------------_>>>>>>now_start_to_deal = 0.15,0.03
handle_uart_frame:2129:------------------_>>>>>>>now_delay = 0.27,0.15
handle_uart_frame:2132:================fread=[use_uart=1;
uart={
	dev=/dev/ttyS4; #串口节点
	baude=115200;#波特率
	c_flow=0;#流控(0 不使用| 1 硬件流控| 2 软件流控)
	bits=8; #数据位(5,6,7,8)
	parity=0;#校验位(0 不使用| 1 奇校验 | 2 偶检验)
	stop=1;#停止位(1 1停止位| 2 2停止位)
	step_size=4096;#每1ms 发送的字节数
};

VBOX3_ANS=0;
VBOX3_AGC=1;
VBOX3_AEC=0;
VBOX3_MIC=1;                                                       
VBOX3_SPK=1;                                         
VBOX3_LINEIN=1;
USE_LINEIN_SPK=0;
USE_LINEIN_MIC=1;
vbox3_aec_level=1;
vbox3_agc_level=0;
vbox3_anc_level=0;
mic_shift2=2.46;]
handle_uart_frame:2133:------------------_>>>>>>>now_delay = 0.38,0.25
handle_uart_frame:2140:+========>>>>>>s=348 pc=V
handle_uart_frame:2142:------------------_>>>>>>>now_delay = 0.43,0.31
handle_uart_frame:2144:------------------_>>>>>>>now_delay = 0.45,0.32
qtk_uart_client_isRunning:1637:=========================>>>>>>>>>>>>>>>>>>>>
qtk_uart_client_isRunning:1659:=========================>>>>>>>>>>>>>>>>>>>>
qtk_uart_client_isRunning:1661:=========================>>>>>>>>>>>>>>>>>>>>count=4
qtk_proc_write:730:input>[SET_MICAEC_OFF]
qtk_proc_write:739:====>>>>qtk_proc_write end once=0
handle_uart_frame:2158:------------------_>>>>>>>now_delay = 29.87,29.75
handle_uart_frame:2208:------------------_>>>>>>>now_delay = 29.90,29.78
send_response:3308:------------------------------>>>>>>>>>>>>>
send_response:3350:------------------------------>>>>>>>>>>>>>
qtk_uart_write2:414:step=4096
send_response:3355:Send log frame: len=10
send_response:3356:Header: 90 40
send_response:3357:Event: 01 09
send_response:3358:Length: 01 00 (1 bytes)
send_response:3362:value: 0x00
send_response:3369:CRC: 4B 9C
send_response:3370:Footer: FF
handle_uart_frame:2210:------------------_>>>>>>>finish_send_response = 31.20,31.08
handle_uart_frame:2220:------------------_>>>>>>>now_delay = 34.76,34.63
handle_uart_frame:2221:---------------------------------->>>>>>>>>isnot_spk_count = 165
qtk_uart_client_trsn_run:1408:--------------->>>>>>>>>>>>>first_to_secendTime= 35.04
RESP_STATE_DATA_LENGTH:date_len : 5
data_index : 1
data_index : 2
data_index : 3
data_index : 4
data_index : 5
RESP_STATE_DATA:date_len : 5
Received Checksum: AE B2
qtk_uart_client_trsn_run:1501:----------------------now_delay = 0.15
handle_uart_frame:1704:Received event_code: 0x0112
handle_uart_frame:1705:-------=========================================---->>>>>
handle_uart_frame:2734:------------------_>>>>>>now_start_to_deal = 0.22,0.03
qtk_uart_client_isRunning:1637:=========================>>>>>>>>>>>>>>>>>>>>
qtk_uart_client_isRunning:1659:=========================>>>>>>>>>>>>>>>>>>>>
qtk_uart_client_isRunning:1661:=========================>>>>>>>>>>>>>>>>>>>>count=4
handle_uart_frame:2743:--------------SET_MICVOLUME==11
qtk_proc_write:730:input>[SET_MICVOLUME11]
qtk_proc_write:739:====>>>>qtk_proc_write end once=0
handle_uart_frame:2755:------------------_>>>>>>>now_delay = 30.52,30.33
send_response:3308:------------------------------>>>>>>>>>>>>>
send_response:3350:------------------------------>>>>>>>>>>>>>
qtk_uart_write2:414:step=4096
send_response:3355:Send log frame: len=10
send_response:3356:Header: 90 40
send_response:3357:Event: 01 12
send_response:3358:Length: 01 00 (1 bytes)
send_response:3362:value: 0x00
send_response:3369:CRC: 4D 78
send_response:3370:Footer: FF
handle_uart_frame:2757:------------------_>>>>>>>finish_send_response = 31.80,31.61
handle_uart_frame:2758:---------------------------------->>>>>>>>>isnot_spk_count = 166
qtk_uart_client_trsn_run:1408:--------------->>>>>>>>>>>>>first_to_secendTime= 31.87
RESP_STATE_DATA_LENGTH:date_len : 5
data_index : 1
data_index : 2
data_index : 3
data_index : 4
data_index : 5
RESP_STATE_DATA:date_len : 5
Received Checksum: 96 A7
qtk_uart_client_trsn_run:1501:----------------------now_delay = 0.15
handle_uart_frame:1704:Received event_code: 0x0113
handle_uart_frame:1705:-------=========================================---->>>>>
handle_uart_frame:2791:------------------>>>>>>41
handle_uart_frame:2799:------->echo 41 > /sys/bus/i2c/devices/3-006d/volume
handle_uart_frame:2807:------->echo 41 > /sys/bus/i2c/devices/3-0069/volume
send_response:3308:------------------------------>>>>>>>>>>>>>
send_response:3350:------------------------------>>>>>>>>>>>>>
qtk_uart_write2:414:step=4096
send_response:3355:Send log frame: len=10
send_response:3356:Header: 90 40
send_response:3357:Event: 01 13
send_response:3358:Length: 01 00 (1 bytes)
send_response:3362:value: 0x00
send_response:3369:CRC: 4C 84
send_response:3370:Footer: FF
handle_uart_frame:2809:------------------_>>>>>>>finish_send_response = 4.54,4.38
qtk_uart_client_trsn_run:1408:--------------->>>>>>>>>>>>>first_to_secendTime= 459.07
RESP_STATE_DATA_LENGTH:date_len : 1
data_index : 1
RESP_STATE_DATA:date_len : 1
Received Checksum: 4E 6C
qtk_uart_client_trsn_run:1501:----------------------now_delay = 0.14
handle_uart_frame:1704:Received event_code: 0x011D
handle_uart_frame:1705:-------=========================================---->>>>>
apply_eq_from_json_text_wtk:196:[EQ][apply] main write code=0x13 ret=0 (freq=1000.0, B=1, L=3)
apply_eq_from_json_text_wtk:219:[EQ][apply] summary: total=1, wrote_main=1, wrote_bass=0
handle_uart_frame:3036:[EQ][011D] mode persisted: 0 (0:STD,1:WALL,2:RECESSED)
send_response:3308:------------------------------>>>>>>>>>>>>>
send_response:3350:------------------------------>>>>>>>>>>>>>
qtk_uart_write2:414:step=4096
send_response:3355:Send log frame: len=10
send_response:3356:Header: 90 40
send_response:3357:Event: 01 1D
send_response:3358:Length: 01 00 (1 bytes)
send_response:3362:value: 0x00
send_response:3369:CRC: 4E 6C
send_response:3370:Footer: FF
qtk_uart_client_trsn_run:1408:--------------->>>>>>>>>>>>>first_to_secendTime= 362.38
RESP_STATE_DATA_LENGTH:date_len : 1
data_index : 1
RESP_STATE_DATA:date_len : 1
Received Checksum: 4F 90
qtk_uart_client_trsn_run:1501:----------------------now_delay = 0.16
handle_uart_frame:1704:Received event_code: 0x011C
handle_uart_frame:1705:-------=========================================---->>>>>
handle_uart_frame:2910:------------------_>>>>>>now_start_to_deal = 0.34,0.04
send_response:3308:------------------------------>>>>>>>>>>>>>
send_response:3350:------------------------------>>>>>>>>>>>>>
qtk_uart_write2:414:step=4096
send_response:3355:Send log frame: len=10
send_response:3356:Header: 90 40
send_response:3357:Event: 01 1C
send_response:3358:Length: 01 00 (1 bytes)
send_response:3362:value: 0x00
send_response:3369:CRC: 4F 90
send_response:3370:Footer: FF
handle_uart_frame:2936:---------------------------------->>>>>>>>>isnot_spk_count = 168
qtk_uart_client_trsn_run:1408:--------------->>>>>>>>>>>>>first_to_secendTime= 323.17
RESP_STATE_DATA_LENGTH:date_len : 1
data_index : 1
RESP_STATE_DATA:date_len : 1
Received Checksum: CE 15
qtk_uart_client_trsn_run:1501:----------------------now_delay = 0.12
handle_uart_frame:1704:Received event_code: 0x011F
handle_uart_frame:1705:-------=========================================---->>>>>
handle_uart_frame:3062:------------------_>>>>>>now_start_to_deal = 0.20,0.07
qtk_uart_client_isRunning:1637:=========================>>>>>>>>>>>>>>>>>>>>
qtk_uart_client_isRunning:1659:=========================>>>>>>>>>>>>>>>>>>>>
qtk_uart_client_isRunning:1661:=========================>>>>>>>>>>>>>>>>>>>>count=4
handle_uart_frame:3070:--------------SET_LINEOUTPATTERN=2
handle_uart_frame:3072:------------------_>>>>>>>now_delay = 31.62,31.48
qtk_proc_write:730:input>[SET_LINEOUTPATTERN2]
qtk_proc_write:739:====>>>>qtk_proc_write end once=0
handle_uart_frame:3077:------------------_>>>>>>>now_delay = 31.68,31.55
handle_uart_frame:3085:------------------_>>>>>>>now_delay = 31.70,31.56
handle_uart_frame:3087:----------------------now_delay = 131.84
send_response:3308:------------------------------>>>>>>>>>>>>>
send_response:3350:------------------------------>>>>>>>>>>>>>
qtk_uart_write2:414:step=4096
send_response:3355:Send log frame: len=10
send_response:3356:Header: 90 40
send_response:3357:Event: 01 1F
send_response:3358:Length: 01 00 (1 bytes)
send_response:3362:value: 0x00
send_response:3369:CRC: 4F D4
send_response:3370:Footer: FF
handle_uart_frame:3089:------------------_>>>>>>>finish_send_response = 133.25,133.12
handle_uart_frame:3090:---------------------------------->>>>>>>>>isnot_spk_count = 169
qtk_uart_client_trsn_run:1408:--------------->>>>>>>>>>>>>first_to_secendTime= 452.39
RESP_STATE_DATA_LENGTH:date_len : 1
data_index : 1
RESP_STATE_DATA:date_len : 1
Received Checksum: 4E 28
qtk_uart_client_trsn_run:1501:----------------------now_delay = 0.12
handle_uart_frame:1704:Received event_code: 0x011E
handle_uart_frame:1705:-------=========================================---->>>>>
handle_uart_frame:3050:------------------_>>>>>>now_start_to_deal = 0.17,0.02
send_response:3308:------------------------------>>>>>>>>>>>>>
send_response:3350:------------------------------>>>>>>>>>>>>>
qtk_uart_write2:414:step=4096
send_response:3355:Send log frame: len=10
send_response:3356:Header: 90 40
send_response:3357:Event: 01 1E
send_response:3358:Length: 01 00 (1 bytes)
send_response:3362:value: 0x02
send_response:3369:CRC: CF E9
send_response:3370:Footer: FF
handle_uart_frame:3053:------------------_>>>>>>>finish_send_response = 1.51,1.36
handle_uart_frame:3054:---------------------------------->>>>>>>>>isnot_spk_count = 169
qtk_uart_client_trsn_run:1408:--------------->>>>>>>>>>>>>first_to_secendTime= 314.58
RESP_STATE_DATA_LENGTH:date_len : 4
data_index : 1
data_index : 2
data_index : 3
data_index : 4
RESP_STATE_DATA:date_len : 4
Received Checksum: 3A 7E
qtk_uart_client_trsn_run:1501:----------------------now_delay = 0.20
handle_uart_frame:1704:Received event_code: 0x011A
handle_uart_frame:1705:-------=========================================---->>>>>
send_response:3308:------------------------------>>>>>>>>>>>>>
send_response:3350:------------------------------>>>>>>>>>>>>>
qtk_uart_write2:414:step=4096
send_response:3355:Send log frame: len=10
send_response:3356:Header: 90 40
send_response:3357:Event: 01 1A
send_response:3358:Length: 01 00 (1 bytes)
send_response:3362:value: 0x02
send_response:3369:CRC: CE D9
send_response:3370:Footer: FF
qtk_uart_client_trsn_run:1408:--------------->>>>>>>>>>>>>first_to_secendTime= 319.85
RESP_STATE_DATA_LENGTH:date_len : 0
Received Checksum: 70 1A
qtk_uart_client_trsn_run:1501:----------------------now_delay = 0.10
handle_uart_frame:1704:Received event_code: 0x010B
handle_uart_frame:1705:-------=========================================---->>>>>
handle_uart_frame:2308:------------------_>>>>>>now_start_to_deal = 0.14,0.02
qtk_uart_client_isRunning:1637:=========================>>>>>>>>>>>>>>>>>>>>
qtk_uart_client_isRunning:1659:=========================>>>>>>>>>>>>>>>>>>>>
qtk_uart_client_isRunning:1661:=========================>>>>>>>>>>>>>>>>>>>>count=4
qtk_proc_write:730:input>[OUTPUT_INFOR]
qtk_proc_write:739:====>>>>qtk_proc_write end once=0
handle_uart_frame:2322:------------------_>>>>>>>now_delay = 29.14,29.02
handle_uart_frame:2324:------------------_>>>>>>>now_delay = 29.22,29.10
handle_uart_frame:2355:---------------------------------->>>>>>>>>isnot_spk_count = 170
qtk_uart_client_trsn_run:1408:--------------->>>>>>>>>>>>>first_to_secendTime= 4581.03
RESP_STATE_DATA_LENGTH:date_len : 4
data_index : 1
data_index : 2
data_index : 3
data_index : 4
RESP_STATE_DATA:date_len : 4
Received Checksum: A2 7F
qtk_uart_client_trsn_run:1501:----------------------now_delay = 0.14
handle_uart_frame:1704:Received event_code: 0x0102
handle_uart_frame:1705:-------=========================================---->>>>>
handle_uart_frame:1802:------------------------resp = 0
send_response:3308:------------------------------>>>>>>>>>>>>>
send_response:3350:------------------------------>>>>>>>>>>>>>
qtk_uart_write2:414:step=4096
send_response:3355:Send log frame: len=10
send_response:3356:Header: 90 40
send_response:3357:Event: 01 02
send_response:3358:Length: 01 00 (1 bytes)
send_response:3362:value: 0x00
send_response:3369:CRC: 49 B8
send_response:3370:Footer: FF
handle_uart_frame:1821:---------------------------------->>>>>>>>>isnot_spk_count = 170
qtk_uart_client_trsn_run:1408:--------------->>>>>>>>>>>>>first_to_secendTime= 1.85
RESP_STATE_DATA_LENGTH:date_len : 5
data_index : 1
data_index : 2
data_index : 3
data_index : 4
data_index : 5
RESP_STATE_DATA:date_len : 5
Received Checksum: 97 EC
qtk_uart_client_trsn_run:1501:----------------------now_delay = 0.15
handle_uart_frame:1704:Received event_code: 0x010E
handle_uart_frame:1705:-------=========================================---->>>>>
handle_uart_frame:2522:------------------_>>>>>>now_start_to_deal = 0.18,0.02
qtk_uart_client_isRunning:1637:=========================>>>>>>>>>>>>>>>>>>>>
qtk_uart_client_isRunning:1659:=========================>>>>>>>>>>>>>>>>>>>>
qtk_uart_client_isRunning:1661:=========================>>>>>>>>>>>>>>>>>>>>count=4
handle_uart_frame:2533:+========>>>>>>s=483 pc=V
qtk_proc_write:730:input>[UNENABLE_LINEIN_KWS]
qtk_proc_write:739:====>>>>qtk_proc_write end once=0
handle_uart_frame:2573:------------------_>>>>>>>now_delay = 33.893000
send_response:3308:------------------------------>>>>>>>>>>>>>
send_response:3350:------------------------------>>>>>>>>>>>>>
qtk_uart_write2:414:step=4096
send_response:3355:Send log frame: len=10
send_response:3356:Header: 90 40
send_response:3357:Event: 01 0E
send_response:3358:Length: 01 00 (1 bytes)
send_response:3362:value: 0x00
send_response:3369:CRC: 4A E8
send_response:3370:Footer: FF
handle_uart_frame:2575:------------------_>>>>>>>finish_send_response = 35.30,35.14
handle_uart_frame:2576:------------------_>>>>>>>now_delay = 35.180000
handle_uart_frame:2580:---------------------------------->>>>>>>>>isnot_spk_count = 171
qtk_uart_client_trsn_run:1408:--------------->>>>>>>>>>>>>first_to_secendTime= 35.41
RESP_STATE_DATA_LENGTH:date_len : 5
data_index : 1
data_index : 2
data_index : 3
data_index : 4
data_index : 5
RESP_STATE_DATA:date_len : 5
Received Checksum: 2F E0
qtk_uart_client_trsn_run:1501:----------------------now_delay = 0.15
handle_uart_frame:1704:Received event_code: 0x010F
handle_uart_frame:1705:-------=========================================---->>>>>
handle_uart_frame:2588:------------------_>>>>>>now_start_to_deal = 0.24,0.02
qtk_uart_client_isRunning:1637:=========================>>>>>>>>>>>>>>>>>>>>
qtk_uart_client_isRunning:1659:=========================>>>>>>>>>>>>>>>>>>>>
qtk_uart_client_isRunning:1661:=========================>>>>>>>>>>>>>>>>>>>>count=4
handle_uart_frame:2593:------------------_>>>>>>>now_delay = 28.641000
handle_uart_frame:2600:+========>>>>>>s=517 pc=U
handle_uart_frame:2605:------------------_>>>>>>>now_delay = 29.09,28.87
handle_uart_frame:2609:------------------_>>>>>>>now_delay = 28.910000
qtk_proc_write:730:input>[ENABLE_LINEIN_MIC]
qtk_proc_write:739:====>>>>qtk_proc_write end once=0
handle_uart_frame:2652:------------------_>>>>>>>now_delay = 28.956000
send_response:3308:------------------------------>>>>>>>>>>>>>
send_response:3350:------------------------------>>>>>>>>>>>>>
qtk_uart_write2:414:step=4096
send_response:3355:Send log frame: len=10
send_response:3356:Header: 90 40
send_response:3357:Event: 01 0F
send_response:3358:Length: 01 00 (1 bytes)
send_response:3362:value: 0x00
send_response:3369:CRC: 4B 14
send_response:3370:Footer: FF
handle_uart_frame:2654:------------------_>>>>>>>finish_send_response = 30.52,30.31
handle_uart_frame:2655:---------------------------------->>>>>>>>>isnot_spk_count = 172
qtk_uart_client_trsn_run:1408:--------------->>>>>>>>>>>>>first_to_secendTime= 30.65
RESP_STATE_DATA_LENGTH:date_len : 0
Received Checksum: 21 DA
qtk_uart_client_trsn_run:1501:----------------------now_delay = 0.10
handle_uart_frame:1704:Received event_code: 0x010A
handle_uart_frame:1705:-------=========================================---->>>>>
handle_uart_frame:2256:------------------_>>>>>>now_start_to_deal = 0.17,0.03
qtk_uart_client_isRunning:1637:=========================>>>>>>>>>>>>>>>>>>>>
qtk_uart_client_isRunning:1659:=========================>>>>>>>>>>>>>>>>>>>>
qtk_uart_client_isRunning:1661:=========================>>>>>>>>>>>>>>>>>>>>count=4
qtk_proc_write:730:input>[INPUT_INFOR]
qtk_proc_write:739:====>>>>qtk_proc_write end once=0
handle_uart_frame:2300:---------------------------------->>>>>>>>>isnot_spk_count = 173
qtk_uart_client_trsn_run:1408:--------------->>>>>>>>>>>>>first_to_secendTime= 4932.10
RESP_STATE_DATA_LENGTH:date_len : 5
data_index : 1
data_index : 2
data_index : 3
data_index : 4
data_index : 5
RESP_STATE_DATA:date_len : 5
Received Checksum: 6F F5
qtk_uart_client_trsn_run:1501:----------------------now_delay = 0.15
handle_uart_frame:1704:Received event_code: 0x010C
handle_uart_frame:1705:-------=========================================---->>>>>
handle_uart_frame:2364:------------------_>>>>>>now_start_to_deal = 0.19,0.03
handle_uart_frame:2366:------------------_>>>>>>>now_delay = 0.21,0.04
qtk_uart_client_isRunning:1637:=========================>>>>>>>>>>>>>>>>>>>>
qtk_uart_client_isRunning:1659:=========================>>>>>>>>>>>>>>>>>>>>
qtk_uart_client_isRunning:1661:=========================>>>>>>>>>>>>>>>>>>>>count=4
handle_uart_frame:2371:------------------_>>>>>>>now_delay = 33.00,32.84
handle_uart_frame:2377:+========>>>>>>s=361 pc=V
handle_uart_frame:2379:------------------_>>>>>>>now_delay = 33.18,33.01
handle_uart_frame:2383:------------------_>>>>>>>now_delay = 33.22,33.05
qtk_proc_write:730:input>[UNENABLE_MIC]
qtk_proc_write:739:====>>>>qtk_proc_write end once=0
handle_uart_frame:2394:------------------_>>>>>>>now_delay = 33.26,33.10
handle_uart_frame:2422:------------------_>>>>>>>now_delay = 33.27,33.11
send_response:3308:------------------------------>>>>>>>>>>>>>
send_response:3350:------------------------------>>>>>>>>>>>>>
qtk_uart_write2:414:step=4096
send_response:3355:Send log frame: len=10
send_response:3356:Header: 90 40
send_response:3357:Event: 01 0C
send_response:3358:Length: 01 00 (1 bytes)
send_response:3362:value: 0x00
send_response:3369:CRC: 4B 50
send_response:3370:Footer: FF
handle_uart_frame:2424:------------------_>>>>>>>finish_send_response = 34.51,34.35
handle_uart_frame:2431:------------------_>>>>>>>now_delay = 41.78,41.61
handle_uart_frame:2433:---------------------------------->>>>>>>>>isnot_spk_count = 174
qtk_uart_client_trsn_run:1408:--------------->>>>>>>>>>>>>first_to_secendTime= 41.91
RESP_STATE_DATA_LENGTH:date_len : 4
data_index : 1
data_index : 2
data_index : 3
data_index : 4
RESP_STATE_DATA:date_len : 4
Received Checksum: 90 C7
qtk_uart_client_trsn_run:1501:----------------------now_delay = 0.13
handle_uart_frame:1704:Received event_code: 0x0101
handle_uart_frame:1705:-------=========================================---->>>>>
send_response:3308:------------------------------>>>>>>>>>>>>>
send_response:3350:------------------------------>>>>>>>>>>>>>
qtk_uart_write2:414:step=4096
send_response:3355:Send log frame: len=10
send_response:3356:Header: 90 40
send_response:3357:Event: 01 01
send_response:3358:Length: 01 00 (1 bytes)
send_response:3362:value: 0x00
send_response:3369:CRC: 49 FC
send_response:3370:Footer: FF
handle_uart_frame:1764:------------------_>>>>>>>finish_send_response = 1.57,1.42
handle_uart_frame:1769:---------------------------------->>>>>>>>>isnot_spk_count = 174
qtk_uart_client_trsn_run:1408:--------------->>>>>>>>>>>>>first_to_secendTime= 1.67
RESP_STATE_DATA_LENGTH:date_len : 110
data_index : 1
data_index : 2
data_index : 3
data_index : 4
data_index : 5
data_index : 6
data_index : 7
data_index : 8
data_index : 9
data_index : 10
data_index : 11
data_index : 12
data_index : 13
data_index : 14
data_index : 15
data_index : 16
data_index : 17
data_index : 18
data_index : 19
data_index : 20
data_index : 21
data_index : 22
data_index : 23
data_index : 24
data_index : 25
data_index : 26
data_index : 27
data_index : 28
data_index : 29
data_index : 30
data_index : 31
data_index : 32
data_index : 33
data_index : 34
data_index : 35
data_index : 36
data_index : 37
data_index : 38
data_index : 39
data_index : 40
data_index : 41
data_index : 42
data_index : 43
data_index : 44
data_index : 45
data_index : 46
data_index : 47
data_index : 48
data_index : 49
data_index : 50
data_index : 51
data_index : 52
data_index : 53
data_index : 54
data_index : 55
data_index : 56
data_index : 57
data_index : 58
data_index : 59
data_index : 60
data_index : 61
data_index : 62
data_index : 63
data_index : 64
data_index : 65
data_index : 66
data_index : 67
data_index : 68
data_index : 69
data_index : 70
data_index : 71
data_index : 72
data_index : 73
data_index : 74
data_index : 75
data_index : 76
data_index : 77
data_index : 78
data_index : 79
data_index : 80
data_index : 81
data_index : 82
data_index : 83
data_index : 84
data_index : 85
data_index : 86
data_index : 87
data_index : 88
data_index : 89
data_index : 90
data_index : 91
data_index : 92
data_index : 93
data_index : 94
data_index : 95
data_index : 96
data_index : 97
data_index : 98
data_index : 99
data_index : 100
data_index : 101
data_index : 102
data_index : 103
data_index : 104
data_index : 105
data_index : 106
data_index : 107
data_index : 108
data_index : 109
data_index : 110
RESP_STATE_DATA:date_len : 110
Received Checksum: CD 31
qtk_uart_client_trsn_run:1501:----------------------now_delay = 1.39
handle_uart_frame:1704:Received event_code: 0x0103
handle_uart_frame:1705:-------=========================================---->>>>>
handle_uart_frame:1832:[EQ][0103] === Start EQ output setting ===
handle_uart_frame:1835:[EQ][0103] Step 1: Checking payload validity...
handle_uart_frame:1842:[EQ][0103] Payload check passed
handle_uart_frame:1845:[EQ][0103] Step 2: Sanitizing payload...
handle_uart_frame:1855:[EQ][0103] Payload sanitized. Length = 106
handle_uart_frame:1858:[EQ][0103] Step 3: Saving to file /oem/qdreamer/qsound/eq.json...
handle_uart_frame:1865:[EQ][0103] File saved successfully
handle_uart_frame:1868:[EQ][0103] Step 4: Applying EQ settings in current thread...
apply_eq_from_json_text_wtk:196:[EQ][apply] main write code=0x01 ret=0 (freq=200.0, B=0, L=1)
apply_eq_from_json_text_wtk:207:[EQ][apply] bass write code=0x01 ret=0 (freq=200.0)
apply_eq_from_json_text_wtk:196:[EQ][apply] main write code=0x14 ret=0 (freq=2000.0, B=1, L=4)
apply_eq_from_json_text_wtk:196:[EQ][apply] main write code=0x20 ret=0 (freq=6000.0, B=2, L=0)
apply_eq_from_json_text_wtk:219:[EQ][apply] summary: total=3, wrote_main=3, wrote_bass=1
handle_uart_frame:1876:[EQ][0103] EQ applied successfully
handle_uart_frame:1879:[EQ][0103] Step 5: Sending success response...
send_response:3308:------------------------------>>>>>>>>>>>>>
send_response:3350:------------------------------>>>>>>>>>>>>>
qtk_uart_write2:414:step=4096
send_response:3355:Send log frame: len=10
send_response:3356:Header: 90 40
send_response:3357:Event: 01 03
send_response:3358:Length: 01 00 (1 bytes)
send_response:3362:value: 0x00
send_response:3369:CRC: 48 44
send_response:3370:Footer: FF
handle_uart_frame:1883:[EQ][0103] === End EQ output setting ===
qtk_uart_client_trsn_run:1408:--------------->>>>>>>>>>>>>first_to_secendTime= 55.55
RESP_STATE_DATA_LENGTH:date_len : 1
data_index : 1
RESP_STATE_DATA:date_len : 1
Received Checksum: 4E A0
qtk_uart_client_trsn_run:1501:----------------------now_delay = 0.10
handle_uart_frame:1704:Received event_code: 0x0118
handle_uart_frame:1705:-------=========================================---->>>>>
handle_uart_frame:2862:------------------_>>>>>>now_start_to_deal = 0.18,0.02
qtk_uart_client_isRunning:1637:=========================>>>>>>>>>>>>>>>>>>>>
qtk_uart_client_isRunning:1659:=========================>>>>>>>>>>>>>>>>>>>>
qtk_uart_client_isRunning:1661:=========================>>>>>>>>>>>>>>>>>>>>count=4
handle_uart_frame:2865:------------------_>>>>>>>now_delay = 34.78,34.62
handle_uart_frame:2869:------------------_>>>>>>>now_delay = 34.86,34.70
handle_uart_frame:2872:-----------------frame->data[1]:0
handle_uart_frame:2873:------------------_>>>>>>>now_delay = 34.89,34.73
qtk_proc_write:730:input>[SPEAKER_CONRTOL00]
qtk_proc_write:739:====>>>>qtk_proc_write end once=0
handle_uart_frame:2876:------------------_>>>>>>>now_delay = 34.93,34.78
handle_uart_frame:2881:------------------_>>>>>>>now_delay = 34.95,34.79
send_response:3308:------------------------------>>>>>>>>>>>>>
send_response:3350:------------------------------>>>>>>>>>>>>>
qtk_uart_write2:414:step=4096
send_response:3355:Send log frame: len=10
send_response:3356:Header: 90 40
send_response:3357:Event: 01 18
send_response:3358:Length: 01 00 (1 bytes)
send_response:3362:value: 0x00
send_response:3369:CRC: 4E A0
send_response:3370:Footer: FF
handle_uart_frame:2883:------------------_>>>>>>>finish_send_response = 36.30,36.14
handle_uart_frame:2884:----------------------------->>>>>>>isnot_spk_count=175
qtk_uart_client_trsn_run:1408:--------------->>>>>>>>>>>>>first_to_secendTime= 36.40
RESP_STATE_DATA_LENGTH:date_len : 5
data_index : 1
data_index : 2
data_index : 3
data_index : 4
data_index : 5
RESP_STATE_DATA:date_len : 5
Received Checksum: 16 39
qtk_uart_client_trsn_run:1501:----------------------now_delay = 0.18
handle_uart_frame:1704:Received event_code: 0x010D
handle_uart_frame:1705:-------=========================================---->>>>>
handle_uart_frame:2444:------------------_>>>>>>now_start_to_deal = 0.26,0.06
qtk_uart_client_isRunning:1637:=========================>>>>>>>>>>>>>>>>>>>>
qtk_uart_client_isRunning:1659:=========================>>>>>>>>>>>>>>>>>>>>
qtk_uart_client_isRunning:1661:=========================>>>>>>>>>>>>>>>>>>>>count=4
handle_uart_frame:2479:+========>>>>>>s=429 pc=V
handle_uart_frame:2488:------------------_>>>>>>>now_delay = 32.26,32.06
qtk_proc_write:730:input>[ENABLE_SPK]
qtk_proc_write:739:====>>>>qtk_proc_write end once=0
handle_uart_frame:2491:------------------_>>>>>>>now_delay = 32.33,32.12
handle_uart_frame:2498:------------------_>>>>>>>now_delay = 32.34,32.13
send_response:3308:------------------------------>>>>>>>>>>>>>
send_response:3350:------------------------------>>>>>>>>>>>>>
qtk_uart_write2:414:step=4096
send_response:3355:Send log frame: len=10
send_response:3356:Header: 90 40
send_response:3357:Event: 01 0D
send_response:3358:Length: 01 00 (1 bytes)
send_response:3362:value: 0x00
send_response:3369:CRC: 4A AC
send_response:3370:Footer: FF
handle_uart_frame:2500:------------------_>>>>>>>finish_send_response = 33.67,33.46
handle_uart_frame:2500:------------------_>>>>>>>now_delay = 33.68,33.48
handle_uart_frame:2508:------------------_>>>>>>>now_delay = 36.97,36.76
handle_uart_frame:2511:---------------------------------->>>>>>>>>isnot_spk_count = 177
send_audio_status_frame:312:-------------------------------->>>>>>
send_audio_status_frame:318:-------------------------------->>>>>>
send_audio_status_frame:326:-------------------------------->>>>>>
send_audio_status_frame:396:-------------------------------->>>>>>
send_response:3308:------------------------------>>>>>>>>>>>>>
send_response:3350:------------------------------>>>>>>>>>>>>>
qtk_uart_write2:414:step=4096
send_response:3355:Send log frame: len=147
send_response:3356:Header: 90 40
send_response:3357:Event: 01 16
send_response:3358:Length: 8A 00 (138 bytes)
send_response:3369:CRC: 36 30
send_response:3370:Footer: FF
send_audio_status_frame:399:-------------------------------->>>>>>
send_audio_status_frame:401:-------------------------------->>>>>>
qtk_uart_write2:414:step=4096
qtk_uart_write2:414:step=4096
qtk_uart_write2:414:step=4096
qtk_uart_cfg_update_local:50:dev=/dev/ttyS4
qtk_uart_set_config:295:baude = 115200
qtk_uart_set_config:295:baude = 115200
===>>>key 2047346586
===>>>shmid 0
qtk_uart_client_new:960:====>>>>cp.pid_client=2004   getpid=2480
qtk_uart_client_new:989:================>>>>>>>>>new ok!
